,Unnamed: 0,S_1_GRU_ID,S_1_HRU_ID,S_1_center_lat,S_1_center_lon,S_1_HRU_area,S_1_elev_mean,ID_t,lat_t,lon_t,order_t,AS1,IDS1,S_2_ID,S_2_lat,S_2_lon,S_2_elev_m,lat_s,lon_s,ID_s,S_2_lat_temp,S_2_lon_temp,AS2,IDS2,AINT,AP1,AP2,weight,AP2N,rows,cols,easymore_case
0,4,71028597,1,51.19270711760954,-115.62201741067231,1620257.054,2181.125044352213,1,51.19270711760954,51.19270711760954,4,1620257.0547055416,4,19.0,51.25,-115.5,2020,51.25,-115.5,19,51.25,-115.5,485478527.5715949,19,756160.0009801845,0.4666913801017862,0.0015575560154278,0.466691380101786,0.0098021368795871,2.0,4.0,1
1,3,71028597,1,51.19270711760954,-115.62201741067231,1620257.054,2181.125044352213,1,51.19270711760954,51.19270711760954,4,1620257.0547055416,4,15.0,51.25,-115.75,2169,51.25,-115.75,15,51.25,-115.75,485478527.5715199,15,864097.0537253579,0.5333086198982143,0.001779887275443,0.5333086198982141,0.0021545641526748,2.0,3.0,1
2,10,71028609,2,51.17666920929247,-115.655209967717,6569698.768,2232.4051443401136,2,51.17666920929247,51.17666920929247,7,6569698.770316738,7,16.0,51.0,-115.75,2003,51.0,-115.75,16,51.0,-115.75,488085265.98448217,16,10817.532774619876,0.0016465797219646,2.216320288382522e-05,0.0016465797219646,6.527350279538876e-05,3.0,3.0,1
3,9,71028609,2,51.17666920929247,-115.655209967717,6569698.768,2232.4051443401136,2,51.17666920929247,51.17666920929247,7,6569698.770316738,7,15.0,51.25,-115.75,2169,51.25,-115.75,15,51.25,-115.75,485478527.5715199,15,6558881.237542118,0.9983534202780352,0.0135101366281866,0.9983534202780352,0.0163541008907908,2.0,3.0,1
4,14,71028676,3,51.193487019863504,-115.76115680122626,48650037.18,2301.8800536404706,3,51.193487019863504,51.193487019863504,10,48650037.19400975,10,15.0,51.25,-115.75,2169,51.25,-115.75,15,51.25,-115.75,485478527.5715199,15,48650037.19400975,1.0,0.1002104818875695,1.0,0.121305385445539,2.0,3.0,1
5,17,71028700,4,51.21810578916367,-115.8719948967319,2099787.492,2240.0869338322423,4,51.21810578916367,51.21810578916367,13,2099787.49288569,13,11.0,51.25,-116.0,2088,51.25,-116.0,11,51.25,-116.0,485478527.5715949,11,815137.6673215544,0.3882000774284683,0.001679039588834,0.3882000774284681,0.0021402338265037,2.0,2.0,1
6,18,71028700,4,51.21810578916367,-115.8719948967319,2099787.492,2240.0869338322423,4,51.21810578916367,51.21810578916367,13,2099787.49288569,13,15.0,51.25,-115.75,2169,51.25,-115.75,15,51.25,-115.75,485478527.5715199,15,1284649.8255641374,0.6117999225715323,0.0026461516887065,0.611799922571532,0.0032031823867092,2.0,3.0,1
7,21,71028740,5,51.27739635354308,-115.90370145376966,27003628.5,2288.068843562057,5,51.27739635354308,51.27739635354308,16,27003628.515780613,16,11.0,51.25,-116.0,2088,51.25,-116.0,11,51.25,-116.0,485478527.5715949,11,22087798.087224096,0.8179566710568633,0.0454969619309615,0.8179566710568625,0.0579939493835373,2.0,2.0,1
8,22,71028740,5,51.27739635354308,-115.90370145376966,27003628.5,2288.068843562057,5,51.27739635354308,51.27739635354308,16,27003628.515780613,16,15.0,51.25,-115.75,2169,51.25,-115.75,15,51.25,-115.75,485478527.5715199,15,4915830.428556539,0.1820433289431375,0.0101257422303447,0.1820433289431373,0.0122572713057326,2.0,3.0,1
9,30,71028852,6,51.31925108644159,-116.03206779274232,36879066.6,2331.454845608421,6,51.31925108644159,51.31925108644159,19,36879066.61189979,19,10.0,51.5,-116.0,2259,51.5,-116.0,10,51.5,-116.0,482862192.655894,10,373869.90648838703,0.0101377269230493,0.0007742786910525,0.0101377269230493,0.001527526789402,1.0,2.0,1
10,29,71028852,6,51.31925108644159,-116.03206779274232,36879066.6,2331.454845608421,6,51.31925108644159,51.31925108644159,19,36879066.61189979,19,11.0,51.25,-116.0,2088,51.25,-116.0,11,51.25,-116.0,485478527.5715949,11,36281647.31834377,0.9838005853064824,0.0747337837984878,0.9838005853064832,0.0952614656210766,2.0,2.0,1
11,28,71028852,6,51.31925108644159,-116.03206779274232,36879066.6,2331.454845608421,6,51.31925108644159,51.31925108644159,19,36879066.61189979,19,7.0,51.25,-116.25,1999,51.25,-116.25,7,51.25,-116.25,485478527.5716325,7,223549.38706761212,0.0060616877704675,0.0004604722441295,0.0060616877704675,0.0022085992450151,2.0,1.0,1
12,35,71028904,7,51.33058895130056,-116.12205365900672,8114969.735,2253.423467422212,7,51.33058895130056,51.33058895130056,22,8114969.737102021,22,11.0,51.25,-116.0,2088,51.25,-116.0,11,51.25,-116.0,485478527.5715949,11,4494061.64061851,0.553798940256234,0.0092569730387421,0.5537989402562341,0.0117996543740264,2.0,2.0,1
13,36,71028904,7,51.33058895130056,-116.12205365900672,8114969.735,2253.423467422212,7,51.33058895130056,51.33058895130056,22,8114969.737102021,22,10.0,51.5,-116.0,2259,51.5,-116.0,10,51.5,-116.0,482862192.655894,10,26881.48061126176,0.0033125792802847,5.5671123190252605e-05,0.0033125792802847,0.0001098301335835,1.0,2.0,1
14,34,71028904,7,51.33058895130056,-116.12205365900672,8114969.735,2253.423467422212,7,51.33058895130056,51.33058895130056,22,8114969.737102021,22,7.0,51.25,-116.25,1999,51.25,-116.25,7,51.25,-116.25,485478527.5716325,7,3594026.6158722485,0.442888480463481,0.0074030598919577,0.4428884804634811,0.0355078784804678,2.0,1.0,1
15,43,71028957,8,51.39855276076048,-116.12668341013696,5946902.48,2263.222648965515,8,51.39855276076048,51.39855276076048,25,5946902.482046509,25,7.0,51.25,-116.25,1999,51.25,-116.25,7,51.25,-116.25,485478527.5716325,7,2251780.211881724,0.3786475763945633,0.0046382694269613,0.3786475763945633,0.0222468964962892,2.0,1.0,1
16,42,71028957,8,51.39855276076048,-116.12668341013696,5946902.48,2263.222648965515,8,51.39855276076048,51.39855276076048,25,5946902.482046509,25,6.0,51.5,-116.25,2258,51.5,-116.25,6,51.5,-116.25,482862192.6559312,6,45726.56000508662,0.0076891390338303,9.4698985964448e-05,0.0076891390338303,0.0001072711401806,1.0,1.0,1
17,45,71028957,8,51.39855276076048,-116.12668341013696,5946902.48,2263.222648965515,8,51.39855276076048,51.39855276076048,25,5946902.482046509,25,10.0,51.5,-116.0,2259,51.5,-116.0,10,51.5,-116.0,482862192.655894,10,3649395.7101596985,0.6136632845716062,0.0075578410686636,0.6136632845716062,0.014910399622043,1.0,2.0,1
18,52,71028974,9,51.45400502057942,-116.14639563872606,4495103.534,2256.672683114219,9,51.45400502057942,51.45400502057942,28,4495103.535290851,28,6.0,51.5,-116.25,2258,51.5,-116.25,6,51.5,-116.25,482862192.6559312,6,4352536.737825639,0.9682839791462138,0.0090140350684425,0.9682839791462138,0.0102107304484061,1.0,1.0,1
19,53,71028974,9,51.45400502057942,-116.14639563872606,4495103.534,2256.672683114219,9,51.45400502057942,51.45400502057942,28,4495103.535290851,28,7.0,51.25,-116.25,1999,51.25,-116.25,7,51.25,-116.25,485478527.5716325,7,142566.79746521325,0.0317160208537863,0.0002936624162933,0.0317160208537863,0.0014085161465938,2.0,1.0,1
20,55,71029016,10,51.39695117462826,-116.20345527944086,220462.554,2106.7463736185214,10,51.39695117462826,51.39695117462826,30,220462.55386486737,30,6.0,51.5,-116.25,2258,51.5,-116.25,6,51.5,-116.25,482862192.6559312,6,220462.55386486737,1.0,0.0004565744786358,1.0,0.0005171889054762,1.0,1.0,1
21,59,71029528,11,51.54053330973685,-116.28506595784874,29203533.81,2306.797862832942,11,51.54053330973685,51.54053330973685,34,29203533.82236741,34,6.0,51.5,-116.25,2258,51.5,-116.25,6,51.5,-116.25,482862192.6559312,6,29203533.82236741,1.0,0.0604800588377742,1.0,0.068509338338192,1.0,1.0,1
22,61,71029778,12,51.616607583262194,-116.30136624932987,18671533.46,2429.18112792269,12,51.616607583262194,51.616607583262194,36,18671533.474220823,36,5.0,51.75,-116.25,2284,51.75,-116.25,5,51.75,-116.25,480236308.728176,5,6202535.523192826,0.3321920790146382,0.0129155905342084,0.3321920790146386,0.0459196563590658,0.0,1.0,1
23,62,71029778,12,51.616607583262194,-116.30136624932987,18671533.46,2429.18112792269,12,51.616607583262194,51.616607583262194,36,18671533.474220823,36,6.0,51.5,-116.25,2258,51.5,-116.25,6,51.5,-116.25,482862192.6559312,6,12468997.951027974,0.6678079209853606,0.0258230984754544,0.6678079209853613,0.0292513503523645,1.0,1.0,1
24,65,71029798,13,51.1345580939296,-115.66120880390667,1092334.807,2193.0411298393024,13,51.1345580939296,51.1345580939296,38,1092334.8072170464,38,15.0,51.25,-115.75,2169,51.25,-115.75,15,51.25,-115.75,485478527.5715199,15,1092334.8072170464,1.0,0.0022500167261385,1.0,0.0027236586540854,2.0,3.0,1
25,68,71029857,14,51.217743602972206,-115.581772309528,4604453.916,2251.4697985453454,14,51.217743602972206,51.217743602972206,41,4604453.917067515,41,19.0,51.25,-115.5,2020,51.25,-115.5,19,51.25,-115.5,485478527.5715949,19,4604453.917067515,1.0,0.0094843616258362,1.0,0.0596877479532662,2.0,4.0,1
26,72,71029963,15,51.11130189910444,-115.67616728854992,5924269.659,2262.1000473788886,15,51.11130189910444,51.11130189910444,44,5924269.661188039,44,16.0,51.0,-115.75,2003,51.0,-115.75,16,51.0,-115.75,488085265.98448217,16,5388830.410969,0.9096193656195484,0.0110407561680838,0.9096193656195488,0.0325164567764964,3.0,3.0,1
27,71,71029963,15,51.11130189910444,-115.67616728854992,5924269.659,2262.1000473788886,15,51.11130189910444,51.11130189910444,44,5924269.661188039,44,15.0,51.25,-115.75,2169,51.25,-115.75,15,51.25,-115.75,485478527.5715199,15,535439.250219036,0.0903806343804512,0.0011029102623702,0.0903806343804513,0.0013350794444713,2.0,3.0,1
28,77,71029992,16,51.52120447902036,-116.17623762804364,43314254.54,2311.798003889686,16,51.52120447902036,51.52120447902036,47,43314254.55889023,47,10.0,51.5,-116.0,2259,51.5,-116.0,10,51.5,-116.0,482862192.655894,10,2447817.3801954435,0.0565129748883795,0.0050693912619906,0.0565129748883795,0.0100010901089428,1.0,2.0,1
29,76,71029992,16,51.52120447902036,-116.17623762804364,43314254.54,2311.798003889686,16,51.52120447902036,51.52120447902036,47,43314254.55889023,47,6.0,51.5,-116.25,2258,51.5,-116.25,6,51.5,-116.25,482862192.6559312,6,40866437.17869479,0.9434870251116204,0.0846337480967672,0.9434870251116204,0.0958696501725182,1.0,1.0,1
30,80,71030071,17,51.10177958772398,-115.6449281134758,3284716.741,2293.130196133005,17,51.10177958772398,51.10177958772398,50,3284716.7415709887,50,16.0,51.0,-115.75,2003,51.0,-115.75,16,51.0,-115.75,488085265.98448217,16,3284716.7415709887,1.0,0.006729801062414,1.0,0.0198201356889836,3.0,3.0,1
31,82,71030100,18,51.18720846155113,-115.8432328996518,10306050.76,2341.9224303943306,18,51.18720846155113,51.18720846155113,52,10306050.764042497,52,11.0,51.25,-116.0,2088,51.25,-116.0,11,51.25,-116.0,485478527.5715949,11,758607.5827933649,0.0736079804147796,0.0015625976015622,0.0736079804147796,0.0019918078562993,2.0,2.0,1
32,83,71030100,18,51.18720846155113,-115.8432328996518,10306050.76,2341.9224303943306,18,51.18720846155113,51.18720846155113,52,10306050.764042497,52,15.0,51.25,-115.75,2169,51.25,-115.75,15,51.25,-115.75,485478527.5715199,15,9547443.181249132,0.9263920195852204,0.0196660462595693,0.9263920195852204,0.0238058661805794,2.0,3.0,1
33,88,71030270,19,51.60433016201385,-116.14612062771296,16904698.44,2380.264395329075,19,51.60433016201385,51.60433016201385,55,16904698.44538112,55,6.0,51.5,-116.25,2258,51.5,-116.25,6,51.5,-116.25,482862192.6559312,6,9436526.803548,0.5582191740383483,0.0195428984647636,0.5582191740383483,0.0221373965032454,1.0,1.0,1
34,89,71030270,19,51.60433016201385,-116.14612062771296,16904698.44,2380.264395329075,19,51.60433016201385,51.60433016201385,55,16904698.44538112,55,10.0,51.5,-116.0,2259,51.5,-116.0,10,51.5,-116.0,482862192.655894,10,6408879.473870603,0.379118237132571,0.0132726885048086,0.379118237132571,0.0261848705030505,1.0,2.0,1
35,87,71030270,19,51.60433016201385,-116.14612062771296,16904698.44,2380.264395329075,19,51.60433016201385,51.60433016201385,55,16904698.44538112,55,5.0,51.75,-116.25,2284,51.75,-116.25,5,51.75,-116.25,480236308.728176,5,1059292.1679625183,0.0626625888290808,0.002205772759598,0.0626625888290808,0.0078423303106935,0.0,1.0,1
36,93,71030287,20,51.41047676695771,-116.05230907259902,15347223.09,2301.928243692535,20,51.41047676695771,51.41047676695771,57,15347223.100638645,57,11.0,51.25,-116.0,2088,51.25,-116.0,11,51.25,-116.0,485478527.5715949,11,696718.4585392303,0.0453970372340673,0.0014351169392069,0.0453970372340673,0.0018293111363812,2.0,2.0,1
37,94,71030287,20,51.41047676695771,-116.05230907259902,15347223.09,2301.928243692535,20,51.41047676695771,51.41047676695771,57,15347223.100638645,57,10.0,51.5,-116.0,2259,51.5,-116.0,10,51.5,-116.0,482862192.655894,10,14650504.64209941,0.9546029627659326,0.0303409644924093,0.9546029627659328,0.059857822014248,1.0,2.0,1
38,98,71030302,21,51.1933529993014,-115.91412507228388,10877174.61,2257.326559299745,21,51.1933529993014,51.1933529993014,60,10877174.62079695,60,11.0,51.25,-116.0,2088,51.25,-116.0,11,51.25,-116.0,485478527.5715949,11,10877174.62079695,1.0,0.0224050581087602,1.0,0.0285592213358408,2.0,2.0,1
39,101,71030418,22,51.00901987397416,-115.59692364591888,54606227.95,2352.439437695002,22,51.00901987397416,51.00901987397416,62,54606227.97234437,62,20.0,51.0,-115.5,2041,51.0,-115.5,20,51.0,-115.5,488085265.9845576,20,44206044.42879522,0.8095421725738613,0.0905703316809277,0.8095421725738619,0.5730920565874738,3.0,4.0,1
40,100,71030418,22,51.00901987397416,-115.59692364591888,54606227.95,2352.439437695002,22,51.00901987397416,51.00901987397416,62,54606227.97234437,62,16.0,51.0,-115.75,2003,51.0,-115.75,16,51.0,-115.75,488085265.98448217,16,10400183.543549117,0.190457827426138,0.021308128452867,0.1904578274261382,0.0627551978576061,3.0,3.0,1
41,105,71030527,23,51.03141398845065,-115.66847480929768,26122178.1,2333.8318323918893,23,51.03141398845065,51.03141398845065,64,26122178.11061048,64,20.0,51.0,-115.5,2041,51.0,-115.5,20,51.0,-115.5,488085265.9845576,20,24396.814107796195,0.0009339502243837,4.99847379301306e-05,0.0009339502243837,0.0003162830004783,3.0,4.0,1
42,104,71030527,23,51.03141398845065,-115.66847480929768,26122178.1,2333.8318323918893,23,51.03141398845065,51.03141398845065,64,26122178.11061048,64,16.0,51.0,-115.75,2003,51.0,-115.75,16,51.0,-115.75,488085265.98448217,16,26097781.296502683,0.9990660497756164,0.0534697175172102,0.9990660497756164,0.157475242821307,3.0,3.0,1
43,107,71030563,24,51.055409391713006,-115.72904864784628,29039262.29,2304.6155485563413,24,51.055409391713006,51.055409391713006,66,29039262.30118849,66,16.0,51.0,-115.75,2003,51.0,-115.75,16,51.0,-115.75,488085265.98448217,16,29039262.30118849,1.0,0.0594962895317387,1.0,0.1752242778907838,3.0,3.0,1
44,110,71030690,25,51.10255966417614,-115.78761298537825,49859750.77,2282.879491495936,25,51.10255966417614,51.10255966417614,68,49859750.78809483,68,16.0,51.0,-115.75,2003,51.0,-115.75,16,51.0,-115.75,488085265.98448217,16,42169600.06698861,0.845764357030392,0.0863980189648448,0.8457643570303917,0.2544533550488578,3.0,3.0,1
45,109,71030690,25,51.10255966417614,-115.78761298537825,49859750.77,2282.879491495936,25,51.10255966417614,51.10255966417614,68,49859750.78809483,68,15.0,51.25,-115.75,2169,51.25,-115.75,15,51.25,-115.75,485478527.5715199,15,7690150.721106247,0.1542356429696084,0.015840351909227,0.1542356429696083,0.0191748403734611,2.0,3.0,1
46,116,71030774,26,51.11091328319876,-115.6062100439595,14856783.24,2265.0246623817884,26,51.11091328319876,51.11091328319876,71,14856783.253530424,71,19.0,51.25,-115.5,2020,51.25,-115.5,19,51.25,-115.5,485478527.5715949,19,2139970.1162948897,0.1440399364907183,0.0044079603829219,0.1440399364907184,0.0277405310661203,2.0,4.0,1
47,117,71030774,26,51.11091328319876,-115.6062100439595,14856783.24,2265.0246623817884,26,51.11091328319876,51.11091328319876,71,14856783.253530424,71,20.0,51.0,-115.5,2041,51.0,-115.5,20,51.0,-115.5,488085265.9845576,20,9846956.231929213,0.6627919425013673,0.0201746639740621,0.6627919425013676,0.1276570313178086,3.0,4.0,1
48,115,71030774,26,51.11091328319876,-115.6062100439595,14856783.24,2265.0246623817884,26,51.11091328319876,51.11091328319876,71,14856783.253530424,71,16.0,51.0,-115.75,2003,51.0,-115.75,16,51.0,-115.75,488085265.98448217,16,1843681.3217614945,0.1240969387719498,0.003777375492052,0.1240969387719498,0.0111248600228099,3.0,3.0,1
49,114,71030774,26,51.11091328319876,-115.6062100439595,14856783.24,2265.0246623817884,26,51.11091328319876,51.11091328319876,71,14856783.253530424,71,15.0,51.25,-115.75,2169,51.25,-115.75,15,51.25,-115.75,485478527.5715199,15,1026175.5835448185,0.069071182235964,0.0021137404133566,0.069071182235964,0.0025586953654381,2.0,3.0,1
50,124,71030784,27,51.12059768927725,-115.89998318993165,30297004.68,2234.6343787747865,27,51.12059768927725,51.12059768927725,74,30297004.692278948,74,11.0,51.25,-116.0,2088,51.25,-116.0,11,51.25,-116.0,485478527.5715949,11,12370491.611799404,0.40830741314015,0.0254810272941991,0.4083074131401494,0.0324800897559422,2.0,2.0,1
51,127,71030784,27,51.12059768927725,-115.89998318993165,30297004.68,2234.6343787747865,27,51.12059768927725,51.12059768927725,74,30297004.692278948,74,16.0,51.0,-115.75,2003,51.0,-115.75,16,51.0,-115.75,488085265.98448217,16,2332180.95243894,0.0769772779892424,0.0047782244516946,0.0769772779892423,0.0140724898264729,3.0,3.0,1
52,125,71030784,27,51.12059768927725,-115.89998318993165,30297004.68,2234.6343787747865,27,51.12059768927725,51.12059768927725,74,30297004.692278948,74,12.0,51.0,-116.0,1848,51.0,-116.0,12,51.0,-116.0,488085265.9845576,12,15053587.625014914,0.4968671912590505,0.0308421267227746,0.4968671912590498,0.6634150900628906,3.0,2.0,1
53,126,71030784,27,51.12059768927725,-115.89998318993165,30297004.68,2234.6343787747865,27,51.12059768927725,51.12059768927725,74,30297004.692278948,74,15.0,51.25,-115.75,2169,51.25,-115.75,15,51.25,-115.75,485478527.5715199,15,540744.5030257279,0.0178481176115582,0.0011138381459024,0.0178481176115582,0.0013483077126027,2.0,3.0,1
54,130,71030838,28,51.15171552712417,-115.97275966042255,39066320.95,2362.721576433616,28,51.15171552712417,51.15171552712417,76,39066320.97082153,76,11.0,51.25,-116.0,2088,51.25,-116.0,11,51.25,-116.0,485478527.5715949,11,32073934.246398438,0.8210124078577637,0.0660666382235997,0.8210124078577639,0.0842136509882549,2.0,2.0,1
55,131,71030838,28,51.15171552712417,-115.97275966042255,39066320.95,2362.721576433616,28,51.15171552712417,51.15171552712417,76,39066320.97082153,76,12.0,51.0,-116.0,1848,51.0,-116.0,12,51.0,-116.0,488085265.9845576,12,6992386.724423091,0.1789875921422361,0.0143261581771335,0.1789875921422361,0.3081561009967621,3.0,2.0,1
56,134,71030896,29,51.14508370709144,-115.85181595069255,24593608.85,2327.208907950236,29,51.14508370709144,51.14508370709144,78,24593608.857457597,78,12.0,51.0,-116.0,1848,51.0,-116.0,12,51.0,-116.0,488085265.9845576,12,14874.22727122612,0.0006048005137202,3.0474649221836423e-05,0.0006048005137202,0.000655510637767,3.0,2.0,1
57,136,71030896,29,51.14508370709144,-115.85181595069255,24593608.85,2327.208907950236,29,51.14508370709144,51.14508370709144,78,24593608.857457597,78,16.0,51.0,-115.75,2003,51.0,-115.75,16,51.0,-115.75,488085265.98448217,16,3972019.609841802,0.1615061714961509,0.0081379625378162,0.1615061714961509,0.0239673536016125,3.0,3.0,1
58,135,71030896,29,51.14508370709144,-115.85181595069255,24593608.85,2327.208907950236,29,51.14508370709144,51.14508370709144,78,24593608.857457597,78,15.0,51.25,-115.75,2169,51.25,-115.75,15,51.25,-115.75,485478527.5715199,15,18467971.412979245,0.7509256376328498,0.0380407584767146,0.7509256376328499,0.0460485648081783,2.0,3.0,1
59,133,71030896,29,51.14508370709144,-115.85181595069255,24593608.85,2327.208907950236,29,51.14508370709144,51.14508370709144,78,24593608.857457597,78,11.0,51.25,-116.0,2088,51.25,-116.0,11,51.25,-116.0,485478527.5715949,11,2138743.6073653176,0.0869633903572789,0.0044054339912075,0.0869633903572789,0.0056155071691664,2.0,2.0,1
60,140,71031094,30,51.25828358628964,-115.61373992422126,24528490.29,2329.113305513756,30,51.25828358628964,51.25828358628964,80,24528490.2971432,80,19.0,51.25,-115.5,2020,51.25,-115.5,19,51.25,-115.5,485478527.5715949,19,13884054.185914524,0.5660378611859198,0.0285986988041752,0.5660378611859197,0.1799796331431511,2.0,4.0,1
61,139,71031094,30,51.25828358628964,-115.61373992422126,24528490.29,2329.113305513756,30,51.25828358628964,51.25828358628964,80,24528490.2971432,80,15.0,51.25,-115.75,2169,51.25,-115.75,15,51.25,-115.75,485478527.5715199,15,10644436.111228684,0.4339621388140804,0.021925657895674,0.4339621388140803,0.0265411395303516,2.0,3.0,1
62,144,71031120,31,51.23736586684405,-116.03222865297973,42059265.74,2305.771066125621,31,51.23736586684405,51.23736586684405,82,42059265.75198657,82,11.0,51.25,-116.0,2088,51.25,-116.0,11,51.25,-116.0,485478527.5715949,11,35678646.63101567,0.8482945670379535,0.0734917089113772,0.8482945670379531,0.0936782208267768,2.0,2.0,1
63,143,71031120,31,51.23736586684405,-116.03222865297973,42059265.74,2305.771066125621,31,51.23736586684405,51.23736586684405,82,42059265.75198657,82,7.0,51.25,-116.25,1999,51.25,-116.25,7,51.25,-116.25,485478527.5716325,7,6380619.120970916,0.1517054329620469,0.0131429481606258,0.1517054329620469,0.0630385560799748,2.0,1.0,1
64,148,71031296,32,51.28161009280348,-115.70956609205408,70411146.1,2319.7143563098407,32,51.28161009280348,51.28161009280348,85,70411146.12558359,85,19.0,51.25,-115.5,2020,51.25,-115.5,19,51.25,-115.5,485478527.5715949,19,159276.4195905822,0.0022620909948902,0.0003280812858753,0.0022620909948902,0.0020647075546096,2.0,4.0,1
65,147,71031296,32,51.28161009280348,-115.70956609205408,70411146.1,2319.7143563098407,32,51.28161009280348,51.28161009280348,85,70411146.12558359,85,15.0,51.25,-115.75,2169,51.25,-115.75,15,51.25,-115.75,485478527.5715199,15,70251869.70599301,0.9977379090051098,0.1447064405863833,0.9977379090051098,0.1751680085869404,2.0,3.0,1
66,152,71031359,33,51.31929645649142,-116.1921087727054,43681770.89,2415.539345052886,33,51.31929645649142,51.31929645649142,87,43681770.91029658,87,11.0,51.25,-116.0,2088,51.25,-116.0,11,51.25,-116.0,485478527.5715949,11,999620.5069572842,0.0228841570780193,0.002059041646924,0.0228841570780193,0.0026246138639214,2.0,2.0,1
67,151,71031359,33,51.31929645649142,-116.1921087727054,43681770.89,2415.539345052886,33,51.31929645649142,51.31929645649142,87,43681770.91029658,87,7.0,51.25,-116.25,1999,51.25,-116.25,7,51.25,-116.25,485478527.5716325,7,42682150.4033393,0.9771158429219808,0.0879176894122089,0.9771158429219808,0.4216865292854849,2.0,1.0,1
68,156,71031503,34,51.36001537408404,-116.237274100702,30588043.79,2413.054304645063,34,51.36001537408404,51.36001537408404,90,30588043.807175577,90,6.0,51.5,-116.25,2258,51.5,-116.25,6,51.5,-116.25,482862192.6559312,6,7250364.036447165,0.2370326158205095,0.0150153897876479,0.2370326158205095,0.0170088197500117,1.0,1.0,1
69,157,71031503,34,51.36001537408404,-116.237274100702,30588043.79,2413.054304645063,34,51.36001537408404,51.36001537408404,90,30588043.807175577,90,7.0,51.25,-116.25,1999,51.25,-116.25,7,51.25,-116.25,485478527.5716325,7,23337679.77072841,0.7629673841794904,0.0480714973893153,0.7629673841794904,0.2305691042062537,2.0,1.0,1
70,163,71031506,35,51.34880685538449,-115.88016161561666,96221613.64,2371.327424044896,35,51.34880685538449,51.34880685538449,92,96221613.6698572,92,15.0,51.25,-115.75,2169,51.25,-115.75,15,51.25,-115.75,485478527.5715199,15,40720887.37470742,0.4231989656131055,0.083877834058703,0.4231989656131045,0.101534617927928,2.0,3.0,1
71,160,71031506,35,51.34880685538449,-115.88016161561666,96221613.64,2371.327424044896,35,51.34880685538449,51.34880685538449,92,96221613.6698572,92,11.0,51.25,-116.0,2088,51.25,-116.0,11,51.25,-116.0,485478527.5715949,11,30223587.151357524,0.3141039315247473,0.0622552500983689,0.3141039315247466,0.0793553606621654,2.0,2.0,1
72,161,71031506,35,51.34880685538449,-115.88016161561666,96221613.64,2371.327424044896,35,51.34880685538449,51.34880685538449,92,96221613.6698572,92,10.0,51.5,-116.0,2259,51.5,-116.0,10,51.5,-116.0,482862192.655894,10,25277139.14379249,0.2626971028621495,0.0523485572659153,0.2626971028621488,0.1032752477038016,1.0,2.0,1
73,168,71031643,36,51.39109548258578,-116.26725593912336,21720997.01,2492.927133332092,36,51.39109548258578,51.39109548258578,95,21720997.02252514,95,7.0,51.25,-116.25,1999,51.25,-116.25,7,51.25,-116.25,485478527.5716325,7,3704314.238872861,0.1705407092976168,0.0076302329114366,0.1705407092976168,0.0365974863031008,2.0,1.0,1
74,167,71031643,36,51.39109548258578,-116.26725593912336,21720997.01,2492.927133332092,36,51.39109548258578,51.39109548258578,95,21720997.02252514,95,6.0,51.5,-116.25,2258,51.5,-116.25,6,51.5,-116.25,482862192.6559312,6,18016682.78365228,0.8294592907023832,0.0373122664347636,0.8294592907023832,0.0422658101606777,1.0,1.0,1
75,171,71031654,37,51.46186819008913,-116.10668080432956,23486539.95,2357.0340437189216,37,51.46186819008913,51.46186819008913,97,23486539.95945067,97,10.0,51.5,-116.0,2259,51.5,-116.0,10,51.5,-116.0,482862192.655894,10,20769745.30542159,0.8843254622128417,0.0430138155799307,0.8843254622128413,0.084859310183805,1.0,2.0,1
76,170,71031654,37,51.46186819008913,-116.10668080432956,23486539.95,2357.0340437189216,37,51.46186819008913,51.46186819008913,97,23486539.95945067,97,6.0,51.5,-116.25,2258,51.5,-116.25,6,51.5,-116.25,482862192.6559312,6,2716794.654029089,0.1156745377871587,0.0056264389619855,0.1156745377871586,0.0063734000576914,1.0,1.0,1
77,174,71031687,38,51.39430363429774,-115.99659758662884,25187936.16,2516.085360689106,38,51.39430363429774,51.39430363429774,99,25187936.173908144,99,11.0,51.25,-116.0,2088,51.25,-116.0,11,51.25,-116.0,485478527.5715949,11,5090036.137978069,0.2020823025290484,0.0104845752157955,0.2020823025290485,0.0133644511318228,2.0,2.0,1
78,175,71031687,38,51.39430363429774,-115.99659758662884,25187936.16,2516.085360689106,38,51.39430363429774,51.39430363429774,99,25187936.173908144,99,10.0,51.5,-116.0,2259,51.5,-116.0,10,51.5,-116.0,482862192.655894,10,20097900.03593006,0.797917697470951,0.0416224346026871,0.7979176974709514,0.0821143402633302,1.0,2.0,1
79,177,71031838,39,51.46258232849896,-116.01169247923067,61013574.99,2399.790764952759,39,51.46258232849896,51.46258232849896,101,61013575.0119043,101,10.0,51.5,-116.0,2259,51.5,-116.0,10,51.5,-116.0,482862192.655894,10,61013575.0119043,1.0,0.1263581534025483,1.0,0.2492842262252741,1.0,2.0,1
80,180,71031893,40,51.49619964748946,-116.34338149531358,40386682.94,2382.656989395468,40,51.49619964748946,51.49619964748946,103,40386682.95684546,103,6.0,51.5,-116.25,2258,51.5,-116.25,6,51.5,-116.25,482862192.6559312,6,30785688.920558646,0.7622732709555324,0.0637566771405839,0.7622732709555322,0.0722209576095029,1.0,1.0,1
81,179,71031893,40,51.49619964748946,-116.34338149531358,40386682.94,2382.656989395468,40,51.49619964748946,51.49619964748946,103,40386682.95684546,103,2.0,51.5,-116.5,2093,51.5,-116.5,2,51.5,-116.5,482862192.6558567,2,9600994.036286823,0.2377267290444677,0.0198835075148026,0.2377267290444677,0.1431431547608113,1.0,0.0,1
82,183,71032102,41,51.53478776587984,-116.09255707555968,41510866.47,2364.009798590133,41,51.53478776587984,51.53478776587984,105,41510866.48491392,105,10.0,51.5,-116.0,2259,51.5,-116.0,10,51.5,-116.0,482862192.655894,10,38247576.85927802,0.9213870992834644,0.0792101296001335,0.9213870992834644,0.1562687910107963,1.0,2.0,1
83,182,71032102,41,51.53478776587984,-116.09255707555968,41510866.47,2364.009798590133,41,51.53478776587984,51.53478776587984,105,41510866.48491392,105,6.0,51.5,-116.25,2258,51.5,-116.25,6,51.5,-116.25,482862192.6559312,6,3263289.625635912,0.0786129007165358,0.0067582214455154,0.0786129007165357,0.0076554369898539,1.0,1.0,1
84,187,71032185,42,51.59395268097647,-116.4240552675852,56069027.6,2485.785724368872,42,51.59395268097647,51.59395268097647,107,56069027.62402739,107,1.0,51.75,-116.5,2243,51.75,-116.5,1,51.75,-116.5,480236308.7281018,1,2471821.360291907,0.0440853259818733,0.0051470938689298,0.0440853259818733,0.0255513213252885,0.0,0.0,1
85,189,71032185,42,51.59395268097647,-116.4240552675852,56069027.6,2485.785724368872,42,51.59395268097647,51.59395268097647,107,56069027.62402739,107,6.0,51.5,-116.25,2258,51.5,-116.25,6,51.5,-116.25,482862192.6559312,6,5579010.762726097,0.0995025417622065,0.0115540434674318,0.0995025417622065,0.0130879481319234,1.0,1.0,1
86,186,71032185,42,51.59395268097647,-116.4240552675852,56069027.6,2485.785724368872,42,51.59395268097647,51.59395268097647,107,56069027.62402739,107,2.0,51.5,-116.5,2093,51.5,-116.5,2,51.5,-116.5,482862192.6558567,2,48018195.50100936,0.8564121322559197,0.0994449270026669,0.8564121322559201,0.7159129527586072,1.0,0.0,1
87,193,71032217,43,51.59918963912314,-116.22869646254482,50687638.6,2413.538904729149,43,51.59918963912314,51.59918963912314,109,50687638.62294872,109,6.0,51.5,-116.25,2258,51.5,-116.25,6,51.5,-116.25,482862192.6559312,6,42248813.39787085,0.8335131512467577,0.087496627485962,0.833513151246757,0.0991126029153698,1.0,1.0,1
88,192,71032217,43,51.59918963912314,-116.22869646254482,50687638.6,2413.538904729149,43,51.59918963912314,51.59918963912314,109,50687638.62294872,109,5.0,51.75,-116.25,2284,51.75,-116.25,5,51.75,-116.25,480236308.728176,5,8438825.225077908,0.1664868487532431,0.0175722349012441,0.166486848753243,0.0624757331837608,0.0,1.0,1
89,198,71032292,44,51.62616227067477,-116.0863294526512,23691696.3,2552.319670473011,44,51.62616227067477,51.62616227067477,111,23691696.31388145,111,9.0,51.75,-116.0,2223,51.75,-116.0,9,51.75,-116.0,480236308.7281388,9,12808433.693832742,0.5406296587690101,0.0266711064137459,0.54062965876901,0.6310430165053381,0.0,2.0,1
90,195,71032292,44,51.62616227067477,-116.0863294526512,23691696.3,2552.319670473011,44,51.62616227067477,51.62616227067477,111,23691696.31388145,111,5.0,51.75,-116.25,2284,51.75,-116.25,5,51.75,-116.25,480236308.728176,5,56178.548359521854,0.0023712336852218,0.0001169810514917,0.0023712336852218,0.0004159104975335,0.0,1.0,1
91,197,71032292,44,51.62616227067477,-116.0863294526512,23691696.3,2552.319670473011,44,51.62616227067477,51.62616227067477,111,23691696.31388145,111,10.0,51.5,-116.0,2259,51.5,-116.0,10,51.5,-116.0,482862192.655894,10,10827084.071689188,0.4569991075457681,0.0224227206775846,0.456999107545768,0.0442364059893298,1.0,2.0,1
92,203,71032409,45,51.66354186840376,-116.17843071110184,60688513.75,2430.2113419923253,45,51.66354186840376,51.66354186840376,113,60688513.771121085,113,5.0,51.75,-116.25,2284,51.75,-116.25,5,51.75,-116.25,480236308.728176,5,51831162.39653404,0.8540522608941883,0.1079284540850317,0.8540522608941883,0.3837251970649915,0.0,1.0,1
93,206,71032409,45,51.66354186840376,-116.17843071110184,60688513.75,2430.2113419923253,45,51.66354186840376,51.66354186840376,113,60688513.771121085,113,9.0,51.75,-116.0,2223,51.75,-116.0,9,51.75,-116.0,480236308.7281388,9,7238676.441068951,0.1192758891471405,0.0150731552560861,0.1192758891471405,0.3566334749484417,0.0,2.0,1
94,204,71032409,45,51.66354186840376,-116.17843071110184,60688513.75,2430.2113419923253,45,51.66354186840376,51.66354186840376,113,60688513.771121085,113,6.0,51.5,-116.25,2258,51.5,-116.25,6,51.5,-116.25,482862192.6559312,6,1618674.9335180852,0.026671849958671,0.0033522503068934,0.026671849958671,0.0037972921138401,1.0,1.0,1
95,209,71032422,46,51.672281977585385,-116.3030152669505,47629683.0,2407.4173527545177,46,51.672281977585385,51.672281977585385,115,47629683.01713226,115,5.0,51.75,-116.25,2284,51.75,-116.25,5,51.75,-116.25,480236308.728176,5,47629683.01713226,1.0,0.0991796791526891,1.0,0.3526200968071347,0.0,1.0,1
96,213,71032440,47,51.667509287412265,-116.45110958461676,86940813.87,2398.2599948145635,47,51.667509287412265,51.667509287412265,117,86940813.89501904,117,5.0,51.75,-116.25,2284,51.75,-116.25,5,51.75,-116.25,480236308.728176,5,4771513.865870708,0.0548823234117903,0.0099357624135235,0.0548823234117903,0.0353252756415513,0.0,1.0,1
97,211,71032440,47,51.667509287412265,-116.45110958461676,86940813.87,2398.2599948145635,47,51.667509287412265,51.667509287412265,117,86940813.89501904,117,2.0,51.5,-116.5,2093,51.5,-116.5,2,51.5,-116.5,482862192.6558567,2,2147231.8208946227,0.0246976273248074,0.004446883300356,0.0246976273248074,0.0320135119013707,1.0,0.0,1
98,214,71032440,47,51.667509287412265,-116.45110958461676,86940813.87,2398.2599948145635,47,51.667509287412265,51.667509287412265,117,86940813.89501904,117,6.0,51.5,-116.25,2258,51.5,-116.25,6,51.5,-116.25,482862192.6559312,6,386596.52112786873,0.0044466632391397,0.0008006353096344,0.0044466632391397,0.0009069269502594,1.0,1.0,1
99,212,71032440,47,51.667509287412265,-116.45110958461676,86940813.87,2398.2599948145635,47,51.667509287412265,51.667509287412265,117,86940813.89501904,117,1.0,51.75,-116.5,2243,51.75,-116.5,1,51.75,-116.5,480236308.7281018,1,79635471.68712577,0.9159733860242616,0.1658255951076232,0.9159733860242624,0.823195218981511,0.0,0.0,1
100,0,71028585,48,51.15181715500732,-115.58027472189,508126.212,2113.275575029089,48,51.15181715500732,51.15181715500732,1,508126.2124766382,1,19.0,51.25,-115.5,2020,51.25,-115.5,19,51.25,-115.5,485478527.5715949,19,508126.2124766382,1.0,0.0010466502298635,1.0,0.0065868634685064,2.0,4.0,1
101,5,71028597,49,51.1774712006235,-115.6114022642511,3781836.401,1704.8815968540737,49,51.1774712006235,51.1774712006235,5,3781836.4023083136,5,15.0,51.25,-115.75,2169,51.25,-115.75,15,51.25,-115.75,485478527.5715199,15,626623.1367237269,0.1656928195892492,0.0012907329596187,0.1656928195892492,0.001562439938663,2.0,3.0,1
102,6,71028597,49,51.1774712006235,-115.6114022642511,3781836.401,1704.8815968540737,49,51.1774712006235,51.1774712006235,5,3781836.4023083136,5,19.0,51.25,-115.5,2020,51.25,-115.5,19,51.25,-115.5,485478527.5715949,19,3155213.265584586,0.8343071804107506,0.0064991819130852,0.8343071804107508,0.0409011747162748,2.0,4.0,1
103,11,71028609,50,51.17415542030264,-115.6486801352786,7747911.174,1775.0189928296886,50,51.17415542030264,51.17415542030264,8,7747911.176707938,8,15.0,51.25,-115.75,2169,51.25,-115.75,15,51.25,-115.75,485478527.5715199,15,7726285.817409422,0.9972088787796732,0.0159147838238246,0.9972088787796732,0.0192649406495963,2.0,3.0,1
104,12,71028609,50,51.17415542030264,-115.6486801352786,7747911.174,1775.0189928296886,50,51.17415542030264,51.17415542030264,8,7747911.176707938,8,19.0,51.25,-115.5,2020,51.25,-115.5,19,51.25,-115.5,485478527.5715949,19,21625.3592985156,0.0027911212203266,4.454441972271666e-05,0.0027911212203266,0.0002803305274538,2.0,4.0,1
105,15,71028676,51,51.19774089470782,-115.75549412034869,40539816.09,1744.985064444409,51,51.19774089470782,51.19774089470782,11,40539816.110042825,11,15.0,51.25,-115.75,2169,51.25,-115.75,15,51.25,-115.75,485478527.5715199,15,40539816.110042825,1.0,0.0835048592423494,1.0,0.1010831296903002,2.0,3.0,1
106,19,71028700,52,51.23543680780609,-115.83561956427783,4516368.174,1665.4638240180705,52,51.23543680780609,51.23543680780609,14,4516368.175248671,14,15.0,51.25,-115.75,2169,51.25,-115.75,15,51.25,-115.75,485478527.5715199,15,4516368.175248671,1.0,0.00930292055931,1.0,0.0112612407700268,2.0,3.0,1
107,23,71028740,53,51.26225145639907,-115.8918289620125,23496370.49,1738.719188719078,53,51.26225145639907,51.26225145639907,17,23496370.506043088,17,11.0,51.25,-116.0,2088,51.25,-116.0,11,51.25,-116.0,485478527.5715949,11,17993142.671111844,0.7657839182644888,0.0370626951538208,0.7657839182644884,0.0472429800923794,2.0,2.0,1
108,24,71028740,53,51.26225145639907,-115.8918289620125,23496370.49,1738.719188719078,53,51.26225145639907,51.26225145639907,17,23496370.506043088,17,15.0,51.25,-115.75,2169,51.25,-115.75,15,51.25,-115.75,485478527.5715199,15,5503227.834931255,0.2342160817355117,0.0113356771152366,0.2342160817355116,0.0137219046934902,2.0,3.0,1
109,31,71028852,54,51.30596203259391,-116.0179012630657,57158207.1,1684.8137203694423,54,51.30596203259391,51.30596203259391,20,57158207.12453954,20,11.0,51.25,-116.0,2088,51.25,-116.0,11,51.25,-116.0,485478527.5715949,11,57158207.12453954,1.0,0.1177358088532767,1.0,0.150075175340888,2.0,2.0,1
110,40,71028904,55,51.35946874854424,-116.09386932772335,18383179.55,1678.4244692442846,55,51.35946874854424,51.35946874854424,23,18383179.564349107,23,10.0,51.5,-116.0,2259,51.5,-116.0,10,51.5,-116.0,482862192.655894,10,3985574.5893747183,0.2168055082867181,0.0082540622355475,0.2168055082867184,0.016283931524772,1.0,2.0,1
111,38,71028904,55,51.35946874854424,-116.09386932772335,18383179.55,1678.4244692442846,55,51.35946874854424,51.35946874854424,23,18383179.564349107,23,7.0,51.25,-116.25,1999,51.25,-116.25,7,51.25,-116.25,485478527.5716325,7,976912.689179,0.0531416606011697,0.0020122675539647,0.0531416606011698,0.0096515971529544,2.0,1.0,1
112,39,71028904,55,51.35946874854424,-116.09386932772335,18383179.55,1678.4244692442846,55,51.35946874854424,51.35946874854424,23,18383179.564349107,23,11.0,51.25,-116.0,2088,51.25,-116.0,11,51.25,-116.0,485478527.5715949,11,13420692.285795366,0.7300528311121108,0.0276442551495054,0.7300528311121117,0.0352375074256332,2.0,2.0,1
113,47,71028957,56,51.39008027257136,-116.12377300815962,23012178.55,1679.4948833739263,56,51.39008027257136,51.39008027257136,26,23012178.5597764,26,7.0,51.25,-116.25,1999,51.25,-116.25,7,51.25,-116.25,485478527.5716325,7,2914762.6470026136,0.1266617430171259,0.0060038961178824,0.126661743017126,0.0287969592134079,2.0,1.0,1
114,46,71028957,56,51.39008027257136,-116.12377300815962,23012178.55,1679.4948833739263,56,51.39008027257136,51.39008027257136,26,23012178.5597764,26,6.0,51.5,-116.25,2258,51.5,-116.25,6,51.5,-116.25,482862192.6559312,6,7761986.212491502,0.3372990606834107,0.0160749512605191,0.337299060683411,0.0182090476735617,1.0,1.0,1
115,48,71028957,56,51.39008027257136,-116.12377300815962,23012178.55,1679.4948833739263,56,51.39008027257136,51.39008027257136,26,23012178.5597764,26,11.0,51.25,-116.0,2088,51.25,-116.0,11,51.25,-116.0,485478527.5715949,11,856772.797475084,0.0372312771365619,0.0017648006015028,0.0372312771365619,0.002249551451609,2.0,2.0,1
116,49,71028957,56,51.39008027257136,-116.12377300815962,23012178.55,1679.4948833739263,56,51.39008027257136,51.39008027257136,26,23012178.5597764,26,10.0,51.5,-116.0,2259,51.5,-116.0,10,51.5,-116.0,482862192.655894,10,11478656.902807182,0.4988079191629006,0.0237721177540758,0.498807919162901,0.046898548455215,1.0,2.0,1
117,54,71028974,57,51.43032139185458,-116.15568654805112,9489160.638,1709.6730152445498,57,51.43032139185458,51.43032139185458,29,9489160.641015971,29,6.0,51.5,-116.25,2258,51.5,-116.25,6,51.5,-116.25,482862192.6559312,6,9489160.641015971,1.0,0.0196519023136225,1.0,0.0222608716073566,1.0,1.0,1
118,56,71029016,58,51.41006195139335,-116.17630663395144,8144048.825,1651.6449719923164,58,51.41006195139335,51.41006195139335,31,8144048.827668622,31,6.0,51.5,-116.25,2258,51.5,-116.25,6,51.5,-116.25,482862192.6559312,6,8144048.827668622,1.0,0.0168661969223002,1.0,0.0191053384145643,1.0,1.0,1
119,58,71029071,59,51.442111471106266,-116.20075239478494,9518971.44,1618.189980397106,59,51.442111471106266,51.442111471106266,33,9518971.442847349,33,6.0,51.5,-116.25,2258,51.5,-116.25,6,51.5,-116.25,482862192.6559312,6,9518971.442847349,1.0,0.0197136400149476,1.0,0.0223308055516943,1.0,1.0,1
120,60,71029528,60,51.51439567756477,-116.28019195941084,56359210.36,1763.1302202019258,60,51.51439567756477,51.51439567756477,35,56359210.38422401,35,6.0,51.5,-116.25,2258,51.5,-116.25,6,51.5,-116.25,482862192.6559312,6,56359210.38422401,1.0,0.1167190375254402,1.0,0.1322145544498744,1.0,1.0,1
121,63,71029778,61,51.605363523788526,-116.32415907299576,14559765.94,1845.3284817415129,61,51.605363523788526,51.605363523788526,37,14559765.951644504,37,5.0,51.75,-116.25,2284,51.75,-116.25,5,51.75,-116.25,480236308.728176,5,1934081.3979841392,0.1328373961784521,0.0040273535399816,0.132837396178452,0.0143187173751446,0.0,1.0,1
122,64,71029778,61,51.605363523788526,-116.32415907299576,14559765.94,1845.3284817415129,61,51.605363523788526,51.605363523788526,37,14559765.951644504,37,6.0,51.5,-116.25,2258,51.5,-116.25,6,51.5,-116.25,482862192.6559312,6,12625684.553660369,0.8671626038215482,0.026147593963019,0.8671626038215479,0.0296189255759008,1.0,1.0,1
123,66,71029798,62,51.14314599716791,-115.67746131737756,4979481.209,1659.4221740126222,62,51.14314599716791,51.14314599716791,39,4979481.210326449,39,15.0,51.25,-115.75,2169,51.25,-115.75,15,51.25,-115.75,485478527.5715199,15,4979481.210326449,1.0,0.0102568515959604,1.0,0.012415979974047,2.0,3.0,1
124,69,71029857,63,51.20818380959291,-115.58813219339504,12757983.3,1727.5450937962864,63,51.20818380959291,51.20818380959291,42,12757983.305280743,42,19.0,51.25,-115.5,2020,51.25,-115.5,19,51.25,-115.5,485478527.5715949,19,12757983.305280743,1.0,0.0262791917267634,1.0,0.1653823245129916,2.0,4.0,1
125,74,71029963,64,51.11441073713066,-115.67834317285975,8515232.819,1706.2268354907878,64,51.11441073713066,51.11441073713066,45,8515232.821734887,45,16.0,51.0,-115.75,2003,51.0,-115.75,16,51.0,-115.75,488085265.98448217,16,7347053.527295399,0.8628129942075403,0.0150528074484612,0.8628129942075407,0.0443324673882154,3.0,3.0,1
126,73,71029963,64,51.11441073713066,-115.67834317285975,8515232.819,1706.2268354907878,64,51.11441073713066,51.11441073713066,45,8515232.821734887,45,15.0,51.25,-115.75,2169,51.25,-115.75,15,51.25,-115.75,485478527.5715199,15,1168179.2944394834,0.1371870057924593,0.0024062429707921,0.1371870057924593,0.0029127714541383,2.0,3.0,1
127,78,71029992,65,51.50297300797191,-116.1826173551779,37301371.0,1796.2653492576833,65,51.50297300797191,51.50297300797191,48,37301371.01899659,48,6.0,51.5,-116.25,2258,51.5,-116.25,6,51.5,-116.25,482862192.6559312,6,37301371.01899659,1.0,0.0772505521996336,1.0,0.0875062676716739,1.0,1.0,1
128,81,71030071,66,51.09190449100947,-115.6602584119185,4735971.273,1745.9620791015625,66,51.09190449100947,51.09190449100947,51,4735971.274494945,51,16.0,51.0,-115.75,2003,51.0,-115.75,16,51.0,-115.75,488085265.98448217,16,4735971.274494945,1.0,0.0097031637800873,1.0,0.0285770739655086,3.0,3.0,1
129,84,71030100,67,51.204514322045625,-115.84967206912071,8882157.206,1718.4629421245725,67,51.204514322045625,51.204514322045625,53,8882157.208563516,53,11.0,51.25,-116.0,2088,51.25,-116.0,11,51.25,-116.0,485478527.5715949,11,218713.9044478785,0.0246239623226901,0.0004505120041908,0.0246239623226901,0.0005742574725618,2.0,2.0,1
130,85,71030100,67,51.204514322045625,-115.84967206912071,8882157.206,1718.4629421245725,67,51.204514322045625,51.204514322045625,53,8882157.208563516,53,15.0,51.25,-115.75,2169,51.25,-115.75,15,51.25,-115.75,485478527.5715199,15,8663443.304115636,0.9753760376773096,0.0178451626840269,0.9753760376773098,0.0216016757623511,2.0,3.0,1
131,91,71030270,68,51.592764570607855,-116.1368002645342,8234952.21,1891.5113396812008,68,51.592764570607855,51.592764570607855,56,8234952.212334117,56,6.0,51.5,-116.25,2258,51.5,-116.25,6,51.5,-116.25,482862192.6559312,6,7546911.570849733,0.9164487390158922,0.0156295350632833,0.9164487390158922,0.0177044984131254,1.0,1.0,1
132,92,71030270,68,51.592764570607855,-116.1368002645342,8234952.21,1891.5113396812008,68,51.592764570607855,51.592764570607855,56,8234952.212334117,56,10.0,51.5,-116.0,2259,51.5,-116.0,10,51.5,-116.0,482862192.655894,10,688040.6414843844,0.0835512609841078,0.0014249213377008,0.0835512609841078,0.0028111396339341,1.0,2.0,1
133,95,71030287,69,51.39430440778611,-116.0554979897056,16589403.86,1774.5584678019272,69,51.39430440778611,51.39430440778611,58,16589403.873918392,58,11.0,51.25,-116.0,2088,51.25,-116.0,11,51.25,-116.0,485478527.5715949,11,4482449.865108852,0.2701995743292555,0.0092330548325802,0.2701995743292555,0.0117691663770563,2.0,2.0,1
134,96,71030287,69,51.39430440778611,-116.0554979897056,16589403.86,1774.5584678019272,69,51.39430440778611,51.39430440778611,58,16589403.873918392,58,10.0,51.5,-116.0,2259,51.5,-116.0,10,51.5,-116.0,482862192.655894,10,12106954.00880954,0.7298004256707445,0.0250733111702481,0.7298004256707445,0.0494655928855539,1.0,2.0,1
135,99,71030302,70,51.18397181606968,-115.90111519905076,6217552.569,1820.677523641976,70,51.18397181606968,51.18397181606968,61,6217552.570314779,61,11.0,51.25,-116.0,2088,51.25,-116.0,11,51.25,-116.0,485478527.5715949,11,6217552.570314779,1.0,0.0128070598743378,1.0,0.0163248698502401,2.0,2.0,1
136,102,71030418,71,51.036610173572775,-115.6042253697221,19882074.17,1851.7455949884695,71,51.036610173572775,51.036610173572775,63,19882074.184661254,63,16.0,51.0,-115.75,2003,51.0,-115.75,16,51.0,-115.75,488085265.98448217,16,5079272.668962795,0.2554699586062999,0.0104065273486954,0.2554699586063002,0.0306485707659651,3.0,3.0,1
137,103,71030418,71,51.036610173572775,-115.6042253697221,19882074.17,1851.7455949884695,71,51.036610173572775,51.036610173572775,63,19882074.184661254,63,20.0,51.0,-115.5,2041,51.0,-115.5,20,51.0,-115.5,488085265.9845576,20,14802801.51569844,0.7445300413936989,0.0303283105377878,0.7445300413936997,0.1919051585253766,3.0,4.0,1
138,106,71030527,72,51.05683408062537,-115.66216247510248,5519513.475,1862.8642035457171,72,51.05683408062537,51.05683408062537,65,5519513.476157167,65,16.0,51.0,-115.75,2003,51.0,-115.75,16,51.0,-115.75,488085265.98448217,16,5519513.476157167,1.0,0.0113085025523647,1.0,0.0333050045533872,3.0,3.0,1
139,108,71030563,73,51.07647374486839,-115.70074861784632,7282267.006,1829.3687234984895,73,51.07647374486839,51.07647374486839,67,7282267.008222622,67,16.0,51.0,-115.75,2003,51.0,-115.75,16,51.0,-115.75,488085265.98448217,16,7282267.008222622,1.0,0.0149200713804258,1.0,0.0439415424775257,3.0,3.0,1
140,111,71030690,74,51.11887833969609,-115.74579612473038,16006456.73,1793.0929272320675,74,51.11887833969609,51.11887833969609,69,16006456.735340836,69,15.0,51.25,-115.75,2169,51.25,-115.75,15,51.25,-115.75,485478527.5715199,15,4783359.510204003,0.2988393739660552,0.0098528755414405,0.2988393739660551,0.011926964552893,2.0,3.0,1
141,112,71030690,74,51.11887833969609,-115.74579612473038,16006456.73,1793.0929272320675,74,51.11887833969609,51.11887833969609,69,16006456.735340836,69,16.0,51.0,-115.75,2003,51.0,-115.75,16,51.0,-115.75,488085265.98448217,16,11223097.225136835,0.7011606260339451,0.0229941323930349,0.7011606260339448,0.0677206978116718,3.0,3.0,1
142,118,71030774,75,51.12825107222597,-115.59257831913648,19199563.48,1753.8234884600572,75,51.12825107222597,51.12825107222597,72,19199563.492881108,72,15.0,51.25,-115.75,2169,51.25,-115.75,15,51.25,-115.75,485478527.5715199,15,278444.3893136844,0.0145026416572922,0.0005735462507611,0.0145026416572922,0.000694281154116,2.0,3.0,1
143,120,71030774,75,51.12825107222597,-115.59257831913648,19199563.48,1753.8234884600572,75,51.12825107222597,51.12825107222597,72,19199563.492881108,72,19.0,51.25,-115.5,2020,51.25,-115.5,19,51.25,-115.5,485478527.5715949,19,10665290.95733417,0.5554965331002807,0.0219686151943379,0.5554965331002807,0.1382546573329679,2.0,4.0,1
144,121,71030774,75,51.12825107222597,-115.59257831913648,19199563.48,1753.8234884600572,75,51.12825107222597,51.12825107222597,72,19199563.492881108,72,20.0,51.0,-115.5,2041,51.0,-115.5,20,51.0,-115.5,488085265.9845576,20,8255828.146233253,0.4300008252424271,0.0169147251957703,0.4300008252424271,0.1070294705688625,3.0,4.0,1
145,129,71030784,76,51.1474875231419,-115.90900726795508,5189854.603,1933.919295247396,76,51.1474875231419,51.1474875231419,75,5189854.604860691,75,12.0,51.0,-116.0,1848,51.0,-116.0,12,51.0,-116.0,488085265.9845576,12,630205.4112063277,0.121430263309514,0.0012911789294337,0.1214302633095138,0.02777329830258,3.0,2.0,1
146,128,71030784,76,51.1474875231419,-115.90900726795508,5189854.603,1933.919295247396,76,51.1474875231419,51.1474875231419,75,5189854.604860691,75,11.0,51.25,-116.0,2088,51.25,-116.0,11,51.25,-116.0,485478527.5715949,11,4559649.193654374,0.878569736690488,0.009392071811007,0.8785697366904862,0.0119718617265172,2.0,2.0,1
147,132,71030838,77,51.15927509283283,-115.95593479198082,11625580.54,1900.087889319739,77,51.15927509283283,51.15927509283283,77,11625580.546348874,77,11.0,51.25,-116.0,2088,51.25,-116.0,11,51.25,-116.0,485478527.5715949,11,11625580.546348874,1.0,0.0239466420986753,1.0,0.0305242436161695,2.0,2.0,1
148,137,71030896,78,51.1764239908207,-115.8680239833861,2263750.269,1874.36350994975,78,51.1764239908207,51.1764239908207,79,2263750.269179316,79,11.0,51.25,-116.0,2088,51.25,-116.0,11,51.25,-116.0,485478527.5715949,11,445665.9704189962,0.1968706427059044,0.0009179931657291,0.1968706427059045,0.0011701451465818,2.0,2.0,1
149,138,71030896,78,51.1764239908207,-115.8680239833861,2263750.269,1874.36350994975,78,51.1764239908207,51.1764239908207,79,2263750.269179316,79,15.0,51.25,-115.75,2169,51.25,-115.75,15,51.25,-115.75,485478527.5715199,15,1818084.2987603191,0.8031293572940952,0.0037449324645825,0.8031293572940954,0.0045332630631731,2.0,3.0,1
150,141,71031094,79,51.24769720206829,-115.61701754542986,7169259.936,1861.6985952637085,79,51.24769720206829,51.24769720206829,81,7169259.937874724,81,15.0,51.25,-115.75,2169,51.25,-115.75,15,51.25,-115.75,485478527.5715199,15,1348335.6924671794,0.188071809942894,0.0027773333234981,0.1880718099428938,0.0033619785372918,2.0,3.0,1
151,142,71031094,79,51.24769720206829,-115.61701754542986,7169259.936,1861.6985952637085,79,51.24769720206829,51.24769720206829,81,7169259.937874724,81,19.0,51.25,-115.5,2020,51.25,-115.5,19,51.25,-115.5,485478527.5715949,19,5820924.245407551,0.8119281900571068,0.0119900755951541,0.8119281900571061,0.0754569087828374,2.0,4.0,1
152,145,71031120,80,51.24709120001692,-116.00530722301284,34357872.44,1769.9297779075466,80,51.24709120001692,51.24709120001692,83,34357872.451029144,83,11.0,51.25,-116.0,2088,51.25,-116.0,11,51.25,-116.0,485478527.5715949,11,34357872.451029144,1.0,0.0707711474344502,1.0,0.0902103825823876,2.0,2.0,1
153,150,71031296,81,51.24942149989891,-115.67807010715404,22920267.11,1845.7322665075608,81,51.24942149989891,51.24942149989891,86,22920267.121589582,86,19.0,51.25,-115.5,2020,51.25,-115.5,19,51.25,-115.5,485478527.5715949,19,1478949.3137362876,0.0645258323513691,0.0030463743085283,0.0645258323513691,0.0191716879925183,2.0,4.0,1
154,149,71031296,81,51.24942149989891,-115.67807010715404,22920267.11,1845.7322665075608,81,51.24942149989891,51.24942149989891,86,22920267.121589582,86,15.0,51.25,-115.75,2169,51.25,-115.75,15,51.25,-115.75,485478527.5715199,15,21441317.807853308,0.9354741676486314,0.044165326765548,0.9354741676486308,0.0534623912160584,2.0,3.0,1
155,154,71031359,82,51.34018238275296,-116.16110576889292,14299198.85,1865.9531506917565,82,51.34018238275296,51.34018238275296,88,14299198.859824112,88,11.0,51.25,-116.0,2088,51.25,-116.0,11,51.25,-116.0,485478527.5715949,11,1323690.7315064173,0.0925709715965653,0.002726569057807,0.0925709715965652,0.0034754959719974,2.0,2.0,1
156,153,71031359,82,51.34018238275296,-116.16110576889292,14299198.85,1865.9531506917565,82,51.34018238275296,51.34018238275296,88,14299198.859824112,88,7.0,51.25,-116.25,1999,51.25,-116.25,7,51.25,-116.25,485478527.5716325,7,12975508.128317708,0.9074290284034356,0.026727254433314,0.9074290284034348,0.1281940327898243,2.0,1.0,1
157,158,71031503,83,51.38142111066598,-116.19790772646944,6868907.926,1874.7576618478367,83,51.38142111066598,51.38142111066598,91,6868907.927701588,91,6.0,51.5,-116.25,2258,51.5,-116.25,6,51.5,-116.25,482862192.6559312,6,4835054.726654945,0.7039044310312669,0.0100133222277359,0.703904431031266,0.011342682093438,1.0,1.0,1
158,159,71031503,83,51.38142111066598,-116.19790772646944,6868907.926,1874.7576618478367,83,51.38142111066598,51.38142111066598,91,6868907.927701588,91,7.0,51.25,-116.25,1999,51.25,-116.25,7,51.25,-116.25,485478527.5716325,7,2033853.2010466529,0.2960955689687345,0.0041893782845968,0.2960955689687341,0.0200938446006328,2.0,1.0,1
159,164,71031506,84,51.298102874453775,-115.8393745409986,25833051.49,1828.333086238984,84,51.298102874453775,51.298102874453775,93,25833051.50358151,93,11.0,51.25,-116.0,2088,51.25,-116.0,11,51.25,-116.0,485478527.5715949,11,3943466.436602315,0.1526519790376135,0.0081228441890682,0.1526519790376136,0.0103540059546394,2.0,2.0,1
160,165,71031506,84,51.298102874453775,-115.8393745409986,25833051.49,1828.333086238984,84,51.298102874453775,51.298102874453775,93,25833051.50358151,93,15.0,51.25,-115.75,2169,51.25,-115.75,15,51.25,-115.75,485478527.5715199,15,21889585.066979174,0.8473480209623857,0.0450886781264583,0.8473480209623864,0.0545801135403812,2.0,3.0,1
161,169,71031643,85,51.4095107590013,-116.22338501481194,8966624.293,1797.1932520877829,85,51.4095107590013,51.4095107590013,96,8966624.295579968,96,6.0,51.5,-116.25,2258,51.5,-116.25,6,51.5,-116.25,482862192.6559312,6,8966624.295579968,1.0,0.0185697377677469,1.0,0.0210350398466791,1.0,1.0,1
162,172,71031654,86,51.4226409821485,-116.13531621693788,6938022.593,1715.601186077139,86,51.4226409821485,51.4226409821485,98,6938022.594736036,98,6.0,51.5,-116.25,2258,51.5,-116.25,6,51.5,-116.25,482862192.6559312,6,6048760.901936073,0.8718277894519028,0.0125268886111491,0.871827789451903,0.0141899473426114,1.0,1.0,1
163,173,71031654,86,51.4226409821485,-116.13531621693788,6938022.593,1715.601186077139,86,51.4226409821485,51.4226409821485,98,6938022.594736036,98,10.0,51.5,-116.0,2259,51.5,-116.0,10,51.5,-116.0,482862192.655894,10,889261.6927999615,0.128172210548097,0.0018416469674478,0.128172210548097,0.0036332719883757,1.0,2.0,1
164,176,71031687,87,51.427425081736814,-116.02474325810772,2745904.367,1879.1256612341,87,51.427425081736814,51.427425081736814,100,2745904.36827726,100,10.0,51.5,-116.0,2259,51.5,-116.0,10,51.5,-116.0,482862192.655894,10,2745904.36827726,1.0,0.0056867247219624,1.0,0.0112189893085439,1.0,2.0,1
165,178,71031838,88,51.45050958247174,-116.0199059673404,4087256.991,1909.600416386488,88,51.45050958247174,51.45050958247174,102,4087256.992287736,102,10.0,51.5,-116.0,2259,51.5,-116.0,10,51.5,-116.0,482862192.655894,10,4087256.992287736,1.0,0.0084646448913437,1.0,0.0166993770895656,1.0,2.0,1
166,181,71031893,89,51.46128961015833,-116.2830678245405,30322387.93,1758.5804202763911,89,51.46128961015833,51.46128961015833,104,30322387.943187326,104,6.0,51.5,-116.25,2258,51.5,-116.25,6,51.5,-116.25,482862192.6559312,6,30322387.943187326,1.0,0.0627971881095148,1.0,0.0711340876572495,1.0,1.0,1
167,184,71032102,90,51.5625281935801,-116.1171462532883,6558010.919,1907.6234737221712,90,51.5625281935801,51.5625281935801,106,6558010.920810971,106,6.0,51.5,-116.25,2258,51.5,-116.25,6,51.5,-116.25,482862192.6559312,6,2780447.4865693324,0.423977257760574,0.0057582629761832,0.4239772577605742,0.0065227249122521,1.0,1.0,1
168,185,71032102,90,51.5625281935801,-116.1171462532883,6558010.919,1907.6234737221712,90,51.5625281935801,51.5625281935801,106,6558010.920810971,106,10.0,51.5,-116.0,2259,51.5,-116.0,10,51.5,-116.0,482862192.655894,10,3777563.434241635,0.5760227422394254,0.007823274407681,0.5760227422394257,0.0154340567248859,1.0,2.0,1
169,191,71032185,91,51.58664074923741,-116.37647384135936,15443935.43,1815.5280036661727,91,51.58664074923741,51.58664074923741,108,15443935.434791371,108,6.0,51.5,-116.25,2258,51.5,-116.25,6,51.5,-116.25,482862192.6559312,6,8137683.619543683,0.5269177441140741,0.0168530146764716,0.526917744114075,0.0190904061053555,1.0,1.0,1
170,190,71032185,91,51.58664074923741,-116.37647384135936,15443935.43,1815.5280036661727,91,51.58664074923741,51.58664074923741,108,15443935.434791371,108,2.0,51.5,-116.5,2093,51.5,-116.5,2,51.5,-116.5,482862192.6558567,2,7306251.815247665,0.4730822558859242,0.0151311324977868,0.473082255885925,0.1089303805792106,1.0,0.0,1
171,194,71032217,92,51.58505420065362,-116.18897195148662,6147798.287,1923.8615226081024,92,51.58505420065362,51.58505420065362,110,6147798.288901833,110,6.0,51.5,-116.25,2258,51.5,-116.25,6,51.5,-116.25,482862192.6559312,6,6147798.288901833,1.0,0.012731993480555,1.0,0.0144222817543657,1.0,1.0,1
172,199,71032292,93,51.62108173417444,-116.11673727827014,1899612.839,1929.2600221445864,93,51.62108173417444,51.62108173417444,112,1899612.8394514068,112,5.0,51.75,-116.25,2284,51.75,-116.25,5,51.75,-116.25,480236308.728176,5,9363.384969832094,0.004929101749247,1.949745323220025e-05,0.004929101749247,6.932058971119008e-05,0.0,1.0,1
173,201,71032292,93,51.62108173417444,-116.11673727827014,1899612.839,1929.2600221445864,93,51.62108173417444,51.62108173417444,112,1899612.8394514068,112,10.0,51.5,-116.0,2259,51.5,-116.0,10,51.5,-116.0,482862192.655894,10,1175887.6886908745,0.6190143929699177,0.0024352448930058,0.6190143929699176,0.0048043448125427,1.0,2.0,1
174,202,71032292,93,51.62108173417444,-116.11673727827014,1899612.839,1929.2600221445864,93,51.62108173417444,51.62108173417444,112,1899612.8394514068,112,9.0,51.75,-116.0,2223,51.75,-116.0,9,51.75,-116.0,480236308.7281388,9,250133.2523474749,0.1316759116135009,0.0005208545205795,0.1316759116135008,0.0123235085462201,0.0,2.0,1
175,200,71032292,93,51.62108173417444,-116.11673727827014,1899612.839,1929.2600221445864,93,51.62108173417444,51.62108173417444,112,1899612.8394514068,112,6.0,51.5,-116.25,2258,51.5,-116.25,6,51.5,-116.25,482862192.6559312,6,464228.51344322594,0.2443805936673345,0.0009614099436731,0.2443805936673345,0.0010890458835279,1.0,1.0,1
176,207,71032409,94,51.63921304839715,-116.14834587281784,5102855.692,1946.3547414463767,94,51.63921304839715,51.63921304839715,114,5102855.693556312,114,5.0,51.75,-116.25,2284,51.75,-116.25,5,51.75,-116.25,480236308.728176,5,4401880.3384776125,0.8626307704597911,0.0091660714912107,0.8626307704597914,0.0325887424136137,0.0,1.0,1
177,208,71032409,94,51.63921304839715,-116.14834587281784,5102855.692,1946.3547414463767,94,51.63921304839715,51.63921304839715,114,5102855.693556312,114,6.0,51.5,-116.25,2258,51.5,-116.25,6,51.5,-116.25,482862192.6559312,6,700975.3550786965,0.1373692295402084,0.0014517089259423,0.1373692295402085,0.0016444365281245,1.0,1.0,1
178,210,71032422,95,51.64787220465635,-116.32313465267656,3299650.87,1934.536977016752,95,51.64787220465635,51.64787220465635,116,3299650.8712330936,116,5.0,51.75,-116.25,2284,51.75,-116.25,5,51.75,-116.25,480236308.728176,5,3299650.8712330936,1.0,0.006870890041554,1.0,0.0244285314522341,0.0,1.0,1
179,216,71032440,96,51.65775630950844,-116.41422511452993,20071661.76,1931.3799124358495,96,51.65775630950844,51.65775630950844,118,20071661.768029228,118,5.0,51.75,-116.25,2284,51.75,-116.25,5,51.75,-116.25,480236308.728176,5,5439481.782970042,0.2710030612230731,0.0113266774796257,0.2710030612230732,0.0402704883045645,0.0,1.0,1
180,215,71032440,96,51.65775630950844,-116.41422511452993,20071661.76,1931.3799124358495,96,51.65775630950844,51.65775630950844,118,20071661.768029228,118,1.0,51.75,-116.5,2243,51.75,-116.5,1,51.75,-116.5,480236308.7281018,1,14632179.985059178,0.7289969387769264,0.0304687082570084,0.7289969387769267,0.1512534596932003,0.0,0.0,1
181,1,71028585,97,51.16043065871223,-115.57511768915904,1615975.241,1694.167915267689,97,51.16043065871223,51.16043065871223,2,1615975.241031594,2,19.0,51.25,-115.5,2020,51.25,-115.5,19,51.25,-115.5,485478527.5715949,19,1615975.241031594,1.0,0.0033286235111464,1.0,0.0209479613918781,2.0,4.0,1
182,79,71030026,98,51.5654464138137,-116.15334183862518,519678.673,1809.3268275310083,98,51.5654464138137,51.5654464138137,49,519678.6726672839,49,6.0,51.5,-116.25,2258,51.5,-116.25,6,51.5,-116.25,482862192.6559312,6,519678.6726672839,1.0,0.0010762463505557,1.0,0.001219127870944,1.0,1.0,1
183,57,71029022,99,51.4227884118907,-116.18025644424397,139727.368,1542.3192467322715,99,51.4227884118907,51.4227884118907,32,139727.36773177824,32,6.0,51.5,-116.25,2258,51.5,-116.25,6,51.5,-116.25,482862192.6559312,6,139727.36773177824,1.0,0.0002893731790497,1.0,0.0003277901081857,1.0,1.0,1
184,8,71028597,100,51.17273743993668,-115.61166165139228,6386550.315,1402.249187127386,100,51.17273743993668,51.17273743993668,6,6386550.3171545295,6,19.0,51.25,-115.5,2020,51.25,-115.5,19,51.25,-115.5,485478527.5715949,19,5162745.307372006,0.8083777706259772,0.0106343432596215,0.8083777706259772,0.0669249049297868,2.0,4.0,1
185,7,71028597,100,51.17273743993668,-115.61166165139228,6386550.315,1402.249187127386,100,51.17273743993668,51.17273743993668,6,6386550.3171545295,6,15.0,51.25,-115.75,2169,51.25,-115.75,15,51.25,-115.75,485478527.5715199,15,1223805.0097825243,0.1916222293740229,0.0025208221173123,0.1916222293740229,0.0030514701937397,2.0,3.0,1
186,13,71028609,101,51.16400741013992,-115.64380379490976,4409814.765,1419.5045562444948,101,51.16400741013992,51.16400741013992,9,4409814.766725584,9,15.0,51.25,-115.75,2169,51.25,-115.75,15,51.25,-115.75,485478527.5715199,15,4409814.766725584,1.0,0.0090834393619518,1.0,0.0109955574728099,2.0,3.0,1
187,16,71028676,102,51.19318687742,-115.74437868707348,30935777.66,1422.0794577998156,102,51.19318687742,51.19318687742,12,30935777.668760117,12,15.0,51.25,-115.75,2169,51.25,-115.75,15,51.25,-115.75,485478527.5715199,15,30935777.668760117,1.0,0.0637222367454814,1.0,0.077136147279832,2.0,3.0,1
188,20,71028700,103,51.23331320789638,-115.83037919151587,5919572.952,1439.8104171266095,103,51.23331320789638,51.23331320789638,15,5919572.954046076,15,15.0,51.25,-115.75,2169,51.25,-115.75,15,51.25,-115.75,485478527.5715199,15,5919572.954046076,1.0,0.0121932745072314,1.0,0.014760031446635,2.0,3.0,1
189,25,71028740,104,51.25697471903276,-115.88530285143452,12086610.34,1443.0692795596449,104,51.25697471903276,51.25697471903276,18,12086610.345846497,18,11.0,51.25,-116.0,2088,51.25,-116.0,11,51.25,-116.0,485478527.5715949,11,7002894.3066837,0.5793927417450179,0.0144247251092911,0.5793927417450175,0.0183868711745868,2.0,2.0,1
190,26,71028740,104,51.25697471903276,-115.88530285143452,12086610.34,1443.0692795596449,104,51.25697471903276,51.25697471903276,18,12086610.345846497,18,15.0,51.25,-115.75,2169,51.25,-115.75,15,51.25,-115.75,485478527.5715199,15,5083716.039162804,0.4206072582549828,0.0104715569287745,0.4206072582549826,0.0126758820587755,2.0,3.0,1
191,32,71028852,105,51.29652417796078,-115.99221099534095,19216483.74,1464.18726551272,105,51.29652417796078,51.29652417796078,21,19216483.74848992,21,11.0,51.25,-116.0,2088,51.25,-116.0,11,51.25,-116.0,485478527.5715949,11,19216483.74848992,1.0,0.03958256165234,1.0,0.0504549969824334,2.0,2.0,1
192,41,71028904,106,51.35559866042717,-116.08453422709972,2190451.174,1494.287981862811,106,51.35559866042717,51.35559866042717,24,2190451.174835366,24,11.0,51.25,-116.0,2088,51.25,-116.0,11,51.25,-116.0,485478527.5715949,11,2190451.174835366,1.0,0.0045119424453068,1.0,0.005751271089081,2.0,2.0,1
193,50,71028957,107,51.37492420316731,-116.10803025303686,59176.669,1499.0364102450285,107,51.37492420316731,51.37492420316731,27,59176.669245706194,27,11.0,51.25,-116.0,2088,51.25,-116.0,11,51.25,-116.0,485478527.5715949,11,29588.957565116893,0.5000105268220015,6.094802526720057e-05,0.5000105268220016,7.768907070621814e-05,2.0,2.0,1
194,51,71028957,107,51.37492420316731,-116.10803025303686,59176.669,1499.0364102450285,107,51.37492420316731,51.37492420316731,27,59176.669245706194,27,10.0,51.5,-116.0,2259,51.5,-116.0,10,51.5,-116.0,482862192.655894,10,29587.7116805893,0.4999894731779983,6.127568513460865e-05,0.4999894731779984,0.0001208870290035,1.0,2.0,1
195,67,71029798,108,51.15298353152839,-115.672776827222,2908138.914,1435.8498362714915,108,51.15298353152839,51.15298353152839,40,2908138.91528257,40,15.0,51.25,-115.75,2169,51.25,-115.75,15,51.25,-115.75,485478527.5715199,15,2908138.91528257,1.0,0.0059902524007184,1.0,0.0072512362249737,2.0,3.0,1
196,70,71029857,109,51.193891459932814,-115.5598044303282,9532270.335,1415.8900537939314,109,51.193891459932814,51.193891459932814,43,9532270.337769534,43,19.0,51.25,-115.5,2020,51.25,-115.5,19,51.25,-115.5,485478527.5715949,19,9532270.337769534,1.0,0.0196347928825004,1.0,0.1235672589173273,2.0,4.0,1
197,75,71029963,110,51.129999879267935,-115.6872499434643,108162.525,1487.8250122070312,110,51.129999879267935,51.129999879267935,46,108162.5251885117,46,15.0,51.25,-115.75,2169,51.25,-115.75,15,51.25,-115.75,485478527.5715199,15,108162.5251885117,1.0,0.0002227956934152,1.0,0.0002696955144439,2.0,3.0,1
198,86,71030100,111,51.21944437413115,-115.81818102995972,501991.313,1470.2656053112398,111,51.21944437413115,51.21944437413115,54,501991.31292852206,54,15.0,51.25,-115.75,2169,51.25,-115.75,15,51.25,-115.75,485478527.5715199,15,501991.31292852206,1.0,0.0010340134206132,1.0,0.0012516794069913,2.0,3.0,1
199,97,71030287,112,51.34737648573619,-116.0675000038875,145338.296,1492.0629973234954,112,51.34737648573619,51.34737648573619,59,145338.29592315416,59,11.0,51.25,-116.0,2088,51.25,-116.0,11,51.25,-116.0,485478527.5715949,11,145338.29592315416,1.0,0.0002993712134914,1.0,0.000381601721637,2.0,2.0,1
200,113,71030690,113,51.13122800824269,-115.6939912610412,102751.695,1484.7316059313323,113,51.13122800824269,51.13122800824269,70,102751.69540122215,70,15.0,51.25,-115.75,2169,51.25,-115.75,15,51.25,-115.75,485478527.5715199,15,102751.69540122215,1.0,0.0002116503399547,1.0,0.0002562039976685,2.0,3.0,1
201,122,71030774,114,51.15867757044283,-115.62434037387196,1502535.177,1442.9007405891691,114,51.15867757044283,51.15867757044283,73,1502535.177844996,73,15.0,51.25,-115.75,2169,51.25,-115.75,15,51.25,-115.75,485478527.5715199,15,740442.5926133315,0.4927955122324043,0.0015251809308996,0.4927955122324047,0.0018462406048954,2.0,3.0,1
202,123,71030774,114,51.15867757044283,-115.62434037387196,1502535.177,1442.9007405891691,114,51.15867757044283,51.15867757044283,73,1502535.177844996,73,19.0,51.25,-115.5,2020,51.25,-115.5,19,51.25,-115.5,485478527.5715949,19,762092.5852316632,0.5072044877675949,0.0015697760909091,0.5072044877675953,0.0098790412421655,2.0,4.0,1
203,146,71031120,115,51.25903031764524,-115.94162994622825,1089418.738,1467.2970581054688,115,51.25903031764524,51.25903031764524,84,1089418.7380251908,84,11.0,51.25,-116.0,2088,51.25,-116.0,11,51.25,-116.0,485478527.5715949,11,1089418.7380251908,1.0,0.0022440101387687,1.0,0.0028603890211697,2.0,2.0,1
204,155,71031359,116,51.372083330562646,-116.10333333333284,0.0,1502.0999755859375,116,51.372083330562646,51.372083330562646,89,3.219977987967137e-06,89,11.0,51.25,-116.0,2088,51.25,-116.0,11,51.25,-116.0,485478527.5715949,11,3.219977987967137e-06,1.0,6.632585799569227e-15,1.0,8.454407257475031e-15,2.0,2.0,1
205,166,71031506,117,51.246739394997824,-115.84571755655234,1046550.209,1440.976313954776,117,51.246739394997824,51.246739394997824,94,1046550.2096413798,94,15.0,51.25,-115.75,2169,51.25,-115.75,15,51.25,-115.75,485478527.5715199,15,1046550.2096413798,1.0,0.0021557085436434,1.0,0.0026094980372242,2.0,3.0,1
206,2,71028585,118,51.17234685016804,-115.57220886924314,4117252.192,1409.597142016794,118,51.17234685016804,51.17234685016804,3,4117252.192840009,3,19.0,51.25,-115.5,2020,51.25,-115.5,19,51.25,-115.5,485478527.5715949,19,4117252.192840009,1.0,0.0084808121451526,1.0,0.0533721295885571,2.0,4.0,1
