,S_1_GRU_ID,S_1_HRU_ID,S_1_center_lat,S_1_center_lon,S_1_HRU_area,S_1_elev_mean,ID_t,lat_t,lon_t,order_t,AS1,IDS1,S_2_ID,S_2_lat,S_2_lon,S_2_elev_m,lat_s,lon_s,ID_s,S_2_lat_temp,S_2_lon_temp,AS2,IDS2,AINT,AP1,AP2,weight,AP2N
4,71028597,1,51.19270711760954,-115.62201741067233,1620257.054,2181.1250443522135,1,51.19270711760954,51.19270711760954,4,1620257.0547055416,4,19.0,51.25,-115.5,2020,51.25,-115.5,19,51.25,-115.5,485478527.5715949,19,756160.0009801845,0.46669138010178624,0.0015575560154278327,0.466691380101786,0.009802136879587102
3,71028597,1,51.19270711760954,-115.62201741067233,1620257.054,2181.1250443522135,1,51.19270711760954,51.19270711760954,4,1620257.0547055416,4,15.0,51.25,-115.75,2169,51.25,-115.75,15,51.25,-115.75,485478527.5715199,15,864097.0537253579,0.5333086198982143,0.0017798872754430123,0.5333086198982141,0.002154564152674802
10,71028609,2,51.17666920929247,-115.65520996771701,6569698.768,2232.4051443401136,2,51.17666920929247,51.17666920929247,7,6569698.770316738,7,16.0,51.0,-115.75,2003,51.0,-115.75,16,51.0,-115.75,488085265.98448217,16,10817.532774619875,0.0016465797219646862,2.216320288382522e-05,0.0016465797219646862,6.527350279538876e-05
9,71028609,2,51.17666920929247,-115.65520996771701,6569698.768,2232.4051443401136,2,51.17666920929247,51.17666920929247,7,6569698.770316738,7,15.0,51.25,-115.75,2169,51.25,-115.75,15,51.25,-115.75,485478527.5715199,15,6558881.237542118,0.9983534202780353,0.01351013662818666,0.9983534202780353,0.01635410089079081
14,71028676,3,51.193487019863504,-115.76115680122626,48650037.18,2301.8800536404706,3,51.193487019863504,51.193487019863504,10,48650037.19400975,10,15.0,51.25,-115.75,2169,51.25,-115.75,15,51.25,-115.75,485478527.5715199,15,48650037.19400975,1.0,0.10021048188756959,1.0,0.12130538544553907
17,71028700,4,51.218105789163666,-115.8719948967319,2099787.492,2240.0869338322423,4,51.218105789163666,51.218105789163666,13,2099787.4928856906,13,11.0,51.25,-116.0,2088,51.25,-116.0,11,51.25,-116.0,485478527.5715949,11,815137.6673215544,0.3882000774284683,0.0016790395888340165,0.3882000774284681,0.002140233826503708
18,71028700,4,51.218105789163666,-115.8719948967319,2099787.492,2240.0869338322423,4,51.218105789163666,51.218105789163666,13,2099787.4928856906,13,15.0,51.25,-115.75,2169,51.25,-115.75,15,51.25,-115.75,485478527.5715199,15,1284649.8255641374,0.6117999225715323,0.002646151688706531,0.611799922571532,0.003203182386709256
21,71028740,5,51.27739635354308,-115.90370145376966,27003628.5,2288.068843562057,5,51.27739635354308,51.27739635354308,16,27003628.515780613,16,11.0,51.25,-116.0,2088,51.25,-116.0,11,51.25,-116.0,485478527.5715949,11,22087798.087224096,0.8179566710568633,0.0454969619309615,0.8179566710568625,0.05799394938353731
22,71028740,5,51.27739635354308,-115.90370145376966,27003628.5,2288.068843562057,5,51.27739635354308,51.27739635354308,16,27003628.515780613,16,15.0,51.25,-115.75,2169,51.25,-115.75,15,51.25,-115.75,485478527.5715199,15,4915830.428556539,0.18204332894313754,0.010125742230344775,0.18204332894313738,0.012257271305732622
30,71028852,6,51.31925108644159,-116.03206779274232,36879066.6,2331.4548456084212,6,51.31925108644159,51.31925108644159,19,36879066.61189979,19,10.0,51.5,-116.0,2259,51.5,-116.0,10,51.5,-116.0,482862192.655894,10,373869.90648838703,0.010137726923049354,0.0007742786910525857,0.010137726923049359,0.0015275267894020146
29,71028852,6,51.31925108644159,-116.03206779274232,36879066.6,2331.4548456084212,6,51.31925108644159,51.31925108644159,19,36879066.61189979,19,11.0,51.25,-116.0,2088,51.25,-116.0,11,51.25,-116.0,485478527.5715949,11,36281647.31834377,0.9838005853064825,0.0747337837984878,0.9838005853064831,0.09526146562107667
28,71028852,6,51.31925108644159,-116.03206779274232,36879066.6,2331.4548456084212,6,51.31925108644159,51.31925108644159,19,36879066.61189979,19,7.0,51.25,-116.25,1999,51.25,-116.25,7,51.25,-116.25,485478527.57163244,7,223549.38706761214,0.006061687770467577,0.00046047224412953545,0.006061687770467581,0.0022085992450151634
35,71028904,7,51.330588951300555,-116.12205365900671,8114969.735,2253.423467422212,7,51.330588951300555,51.330588951300555,22,8114969.737102021,22,11.0,51.25,-116.0,2088,51.25,-116.0,11,51.25,-116.0,485478527.5715949,11,4494061.64061851,0.553798940256234,0.009256973038742188,0.5537989402562341,0.011799654374026435
36,71028904,7,51.330588951300555,-116.12205365900671,8114969.735,2253.423467422212,7,51.330588951300555,51.330588951300555,22,8114969.737102021,22,10.0,51.5,-116.0,2259,51.5,-116.0,10,51.5,-116.0,482862192.655894,10,26881.48061126176,0.0033125792802847277,5.5671123190252605e-05,0.0033125792802847285,0.00010983013358356146
34,71028904,7,51.330588951300555,-116.12205365900671,8114969.735,2253.423467422212,7,51.330588951300555,51.330588951300555,22,8114969.737102021,22,7.0,51.25,-116.25,1999,51.25,-116.25,7,51.25,-116.25,485478527.57163244,7,3594026.6158722485,0.44288848046348106,0.0074030598919577325,0.44288848046348117,0.03550787848046788
43,71028957,8,51.398552760760474,-116.12668341013695,5946902.48,2263.222648965515,8,51.398552760760474,51.398552760760474,25,5946902.482046509,25,7.0,51.25,-116.25,1999,51.25,-116.25,7,51.25,-116.25,485478527.57163244,7,2251780.2118817237,0.3786475763945633,0.004638269426961367,0.3786475763945633,0.022246896496289203
42,71028957,8,51.398552760760474,-116.12668341013695,5946902.48,2263.222648965515,8,51.398552760760474,51.398552760760474,25,5946902.482046509,25,6.0,51.5,-116.25,2258,51.5,-116.25,6,51.5,-116.25,482862192.65593123,6,45726.56000508662,0.007689139033830386,9.4698985964448e-05,0.007689139033830386,0.0001072711401806702
45,71028957,8,51.398552760760474,-116.12668341013695,5946902.48,2263.222648965515,8,51.398552760760474,51.398552760760474,25,5946902.482046509,25,10.0,51.5,-116.0,2259,51.5,-116.0,10,51.5,-116.0,482862192.655894,10,3649395.7101596985,0.6136632845716062,0.007557841068663657,0.6136632845716062,0.014910399622043085
52,71028974,9,51.45400502057942,-116.14639563872606,4495103.534,2256.672683114219,9,51.45400502057942,51.45400502057942,28,4495103.535290851,28,6.0,51.5,-116.25,2258,51.5,-116.25,6,51.5,-116.25,482862192.65593123,6,4352536.737825639,0.9682839791462138,0.009014035068442575,0.9682839791462138,0.010210730448406199
53,71028974,9,51.45400502057942,-116.14639563872606,4495103.534,2256.672683114219,9,51.45400502057942,51.45400502057942,28,4495103.535290851,28,7.0,51.25,-116.25,1999,51.25,-116.25,7,51.25,-116.25,485478527.57163244,7,142566.79746521325,0.031716020853786324,0.00029366241629332927,0.031716020853786324,0.001408516146593893
55,71029016,10,51.39695117462826,-116.20345527944086,220462.554,2106.7463736185214,10,51.39695117462826,51.39695117462826,30,220462.55386486737,30,6.0,51.5,-116.25,2258,51.5,-116.25,6,51.5,-116.25,482862192.65593123,6,220462.55386486737,1.0,0.000456574478635896,1.0,0.0005171889054762921
59,71029528,11,51.540533309736844,-116.28506595784874,29203533.81,2306.797862832942,11,51.540533309736844,51.540533309736844,34,29203533.822367415,34,6.0,51.5,-116.25,2258,51.5,-116.25,6,51.5,-116.25,482862192.65593123,6,29203533.822367415,1.0,0.06048005883777427,1.0,0.068509338338192
61,71029778,12,51.616607583262194,-116.30136624932989,18671533.46,2429.18112792269,12,51.616607583262194,51.616607583262194,36,18671533.474220823,36,5.0,51.75,-116.25,2284,51.75,-116.25,5,51.75,-116.25,480236308.72817594,5,6202535.523192826,0.3321920790146382,0.012915590534208429,0.3321920790146386,0.045919656359065815
62,71029778,12,51.616607583262194,-116.30136624932989,18671533.46,2429.18112792269,12,51.616607583262194,51.616607583262194,36,18671533.474220823,36,6.0,51.5,-116.25,2258,51.5,-116.25,6,51.5,-116.25,482862192.65593123,6,12468997.951027974,0.6678079209853606,0.025823098475454456,0.6678079209853613,0.02925135035236459
65,71029798,13,51.1345580939296,-115.66120880390667,1092334.807,2193.0411298393024,13,51.1345580939296,51.1345580939296,38,1092334.8072170464,38,15.0,51.25,-115.75,2169,51.25,-115.75,15,51.25,-115.75,485478527.5715199,15,1092334.8072170464,1.0,0.0022500167261385734,1.0,0.002723658654085424
68,71029857,14,51.217743602972206,-115.58177230952799,4604453.916,2251.4697985453454,14,51.217743602972206,51.217743602972206,41,4604453.917067515,41,19.0,51.25,-115.5,2020,51.25,-115.5,19,51.25,-115.5,485478527.5715949,19,4604453.917067515,1.0,0.009484361625836239,1.0,0.0596877479532662
72,71029963,15,51.11130189910444,-115.67616728854993,5924269.659,2262.1000473788886,15,51.11130189910444,51.11130189910444,44,5924269.661188039,44,16.0,51.0,-115.75,2003,51.0,-115.75,16,51.0,-115.75,488085265.98448217,16,5388830.410969,0.9096193656195483,0.011040756168083813,0.9096193656195487,0.03251645677649646
71,71029963,15,51.11130189910444,-115.67616728854993,5924269.659,2262.1000473788886,15,51.11130189910444,51.11130189910444,44,5924269.661188039,44,15.0,51.25,-115.75,2169,51.25,-115.75,15,51.25,-115.75,485478527.5715199,15,535439.250219036,0.09038063438045126,0.0011029102623702671,0.0903806343804513,0.0013350794444713819
77,71029992,16,51.521204479020355,-116.17623762804364,43314254.54,2311.798003889686,16,51.521204479020355,51.521204479020355,47,43314254.55889023,47,10.0,51.5,-116.0,2259,51.5,-116.0,10,51.5,-116.0,482862192.655894,10,2447817.3801954435,0.05651297488837956,0.005069391261990668,0.05651297488837956,0.010001090108942852
76,71029992,16,51.521204479020355,-116.17623762804364,43314254.54,2311.798003889686,16,51.521204479020355,51.521204479020355,47,43314254.55889023,47,6.0,51.5,-116.25,2258,51.5,-116.25,6,51.5,-116.25,482862192.65593123,6,40866437.178694785,0.9434870251116204,0.08463374809676726,0.9434870251116204,0.09586965017251829
80,71030071,17,51.10177958772398,-115.64492811347579,3284716.741,2293.1301961330055,17,51.10177958772398,51.10177958772398,50,3284716.7415709887,50,16.0,51.0,-115.75,2003,51.0,-115.75,16,51.0,-115.75,488085265.98448217,16,3284716.7415709887,1.0,0.006729801062414002,1.0,0.019820135688983692
82,71030100,18,51.18720846155113,-115.8432328996518,10306050.76,2341.9224303943306,18,51.18720846155113,51.18720846155113,52,10306050.764042497,52,11.0,51.25,-116.0,2088,51.25,-116.0,11,51.25,-116.0,485478527.5715949,11,758607.5827933649,0.07360798041477964,0.0015625976015622872,0.07360798041477964,0.001991807856299318
83,71030100,18,51.18720846155113,-115.8432328996518,10306050.76,2341.9224303943306,18,51.18720846155113,51.18720846155113,52,10306050.764042497,52,15.0,51.25,-115.75,2169,51.25,-115.75,15,51.25,-115.75,485478527.5715199,15,9547443.181249132,0.9263920195852204,0.019666046259569366,0.9263920195852204,0.023805866180579463
88,71030270,19,51.60433016201385,-116.14612062771295,16904698.44,2380.264395329075,19,51.60433016201385,51.60433016201385,55,16904698.44538112,55,6.0,51.5,-116.25,2258,51.5,-116.25,6,51.5,-116.25,482862192.65593123,6,9436526.803547999,0.5582191740383483,0.01954289846476363,0.5582191740383483,0.022137396503245477
89,71030270,19,51.60433016201385,-116.14612062771295,16904698.44,2380.264395329075,19,51.60433016201385,51.60433016201385,55,16904698.44538112,55,10.0,51.5,-116.0,2259,51.5,-116.0,10,51.5,-116.0,482862192.655894,10,6408879.473870603,0.379118237132571,0.013272688504808691,0.379118237132571,0.026184870503050555
87,71030270,19,51.60433016201385,-116.14612062771295,16904698.44,2380.264395329075,19,51.60433016201385,51.60433016201385,55,16904698.44538112,55,5.0,51.75,-116.25,2284,51.75,-116.25,5,51.75,-116.25,480236308.72817594,5,1059292.1679625185,0.0626625888290808,0.0022057727595980268,0.0626625888290808,0.007842330310693568
93,71030287,20,51.41047676695771,-116.05230907259902,15347223.09,2301.928243692535,20,51.41047676695771,51.41047676695771,57,15347223.100638643,57,11.0,51.25,-116.0,2088,51.25,-116.0,11,51.25,-116.0,485478527.5715949,11,696718.4585392303,0.0453970372340673,0.0014351169392069214,0.04539703723406731,0.001829311136381284
94,71030287,20,51.41047676695771,-116.05230907259902,15347223.09,2301.928243692535,20,51.41047676695771,51.41047676695771,57,15347223.100638643,57,10.0,51.5,-116.0,2259,51.5,-116.0,10,51.5,-116.0,482862192.655894,10,14650504.64209941,0.9546029627659326,0.03034096449240937,0.9546029627659327,0.059857822014248024
98,71030302,21,51.1933529993014,-115.91412507228387,10877174.61,2257.3265592997454,21,51.1933529993014,51.1933529993014,60,10877174.62079695,60,11.0,51.25,-116.0,2088,51.25,-116.0,11,51.25,-116.0,485478527.5715949,11,10877174.62079695,1.0,0.022405058108760253,1.0,0.028559221335840844
101,71030418,22,51.00901987397416,-115.59692364591888,54606227.95,2352.439437695002,22,51.00901987397416,51.00901987397416,62,54606227.97234437,62,20.0,51.0,-115.5,2041,51.0,-115.5,20,51.0,-115.5,488085265.98455757,20,44206044.42879522,0.8095421725738613,0.09057033168092775,0.8095421725738619,0.5730920565874738
100,71030418,22,51.00901987397416,-115.59692364591888,54606227.95,2352.439437695002,22,51.00901987397416,51.00901987397416,62,54606227.97234437,62,16.0,51.0,-115.75,2003,51.0,-115.75,16,51.0,-115.75,488085265.98448217,16,10400183.543549117,0.19045782742613807,0.02130812845286703,0.1904578274261382,0.06275519785760615
105,71030527,23,51.03141398845065,-115.66847480929769,26122178.1,2333.8318323918893,23,51.03141398845065,51.03141398845065,64,26122178.110610478,64,20.0,51.0,-115.5,2041,51.0,-115.5,20,51.0,-115.5,488085265.98455757,20,24396.814107796195,0.0009339502243837216,4.99847379301306e-05,0.0009339502243837216,0.0003162830004783639
104,71030527,23,51.03141398845065,-115.66847480929769,26122178.1,2333.8318323918893,23,51.03141398845065,51.03141398845065,64,26122178.110610478,64,16.0,51.0,-115.75,2003,51.0,-115.75,16,51.0,-115.75,488085265.98448217,16,26097781.296502683,0.9990660497756163,0.05346971751721023,0.9990660497756163,0.15747524282130707
107,71030563,24,51.055409391713006,-115.72904864784627,29039262.29,2304.6155485563413,24,51.055409391713006,51.055409391713006,66,29039262.30118849,66,16.0,51.0,-115.75,2003,51.0,-115.75,16,51.0,-115.75,488085265.98448217,16,29039262.30118849,1.0,0.05949628953173879,1.0,0.1752242778907838
110,71030690,25,51.10255966417614,-115.78761298537823,49859750.77,2282.8794914959362,25,51.10255966417614,51.10255966417614,68,49859750.78809483,68,16.0,51.0,-115.75,2003,51.0,-115.75,16,51.0,-115.75,488085265.98448217,16,42169600.06698861,0.845764357030392,0.08639801896484481,0.8457643570303917,0.25445335504885785
109,71030690,25,51.10255966417614,-115.78761298537823,49859750.77,2282.8794914959362,25,51.10255966417614,51.10255966417614,68,49859750.78809483,68,15.0,51.25,-115.75,2169,51.25,-115.75,15,51.25,-115.75,485478527.5715199,15,7690150.721106247,0.15423564296960843,0.01584035190922702,0.15423564296960837,0.019174840373461125
116,71030774,26,51.110913283198755,-115.6062100439595,14856783.24,2265.0246623817884,26,51.110913283198755,51.110913283198755,71,14856783.253530424,71,19.0,51.25,-115.5,2020,51.25,-115.5,19,51.25,-115.5,485478527.5715949,19,2139970.1162948897,0.1440399364907183,0.0044079603829219865,0.1440399364907184,0.027740531066120393
117,71030774,26,51.110913283198755,-115.6062100439595,14856783.24,2265.0246623817884,26,51.110913283198755,51.110913283198755,71,14856783.253530424,71,20.0,51.0,-115.5,2041,51.0,-115.5,20,51.0,-115.5,488085265.98455757,20,9846956.231929213,0.6627919425013673,0.020174663974062184,0.6627919425013676,0.12765703131780867
115,71030774,26,51.110913283198755,-115.6062100439595,14856783.24,2265.0246623817884,26,51.110913283198755,51.110913283198755,71,14856783.253530424,71,16.0,51.0,-115.75,2003,51.0,-115.75,16,51.0,-115.75,488085265.98448217,16,1843681.3217614943,0.1240969387719498,0.003777375492052061,0.12409693877194987,0.01112486002280994
114,71030774,26,51.110913283198755,-115.6062100439595,14856783.24,2265.0246623817884,26,51.110913283198755,51.110913283198755,71,14856783.253530424,71,15.0,51.25,-115.75,2169,51.25,-115.75,15,51.25,-115.75,485478527.5715199,15,1026175.5835448183,0.06907118223596402,0.002113740413356683,0.06907118223596406,0.0025586953654381252
124,71030784,27,51.12059768927725,-115.89998318993163,30297004.68,2234.6343787747865,27,51.12059768927725,51.12059768927725,74,30297004.692278948,74,11.0,51.25,-116.0,2088,51.25,-116.0,11,51.25,-116.0,485478527.5715949,11,12370491.611799404,0.40830741314015,0.02548102729419911,0.40830741314014946,0.03248008975594222
127,71030784,27,51.12059768927725,-115.89998318993163,30297004.68,2234.6343787747865,27,51.12059768927725,51.12059768927725,74,30297004.692278948,74,16.0,51.0,-115.75,2003,51.0,-115.75,16,51.0,-115.75,488085265.98448217,16,2332180.9524389394,0.07697727798924245,0.004778224451694649,0.07697727798924235,0.014072489826472915
125,71030784,27,51.12059768927725,-115.89998318993163,30297004.68,2234.6343787747865,27,51.12059768927725,51.12059768927725,74,30297004.692278948,74,12.0,51.0,-116.0,1848,51.0,-116.0,12,51.0,-116.0,488085265.98455757,12,15053587.625014914,0.4968671912590505,0.03084212672277469,0.4968671912590498,0.6634150900628906
126,71030784,27,51.12059768927725,-115.89998318993163,30297004.68,2234.6343787747865,27,51.12059768927725,51.12059768927725,74,30297004.692278948,74,15.0,51.25,-115.75,2169,51.25,-115.75,15,51.25,-115.75,485478527.5715199,15,540744.5030257279,0.017848117611558287,0.0011138381459024804,0.017848117611558263,0.001348307712602717
130,71030838,28,51.15171552712417,-115.97275966042257,39066320.95,2362.721576433616,28,51.15171552712417,51.15171552712417,76,39066320.97082153,76,11.0,51.25,-116.0,2088,51.25,-116.0,11,51.25,-116.0,485478527.5715949,11,32073934.246398434,0.8210124078577637,0.0660666382235997,0.8210124078577639,0.08421365098825492
131,71030838,28,51.15171552712417,-115.97275966042257,39066320.95,2362.721576433616,28,51.15171552712417,51.15171552712417,76,39066320.97082153,76,12.0,51.0,-116.0,1848,51.0,-116.0,12,51.0,-116.0,488085265.98455757,12,6992386.724423091,0.17898759214223614,0.014326158177133586,0.17898759214223617,0.30815610099676216
134,71030896,29,51.14508370709144,-115.85181595069255,24593608.85,2327.208907950236,29,51.14508370709144,51.14508370709144,78,24593608.857457593,78,12.0,51.0,-116.0,1848,51.0,-116.0,12,51.0,-116.0,488085265.98455757,12,14874.22727122612,0.0006048005137202857,3.0474649221836423e-05,0.0006048005137202858,0.0006555106377670953
136,71030896,29,51.14508370709144,-115.85181595069255,24593608.85,2327.208907950236,29,51.14508370709144,51.14508370709144,78,24593608.857457593,78,16.0,51.0,-115.75,2003,51.0,-115.75,16,51.0,-115.75,488085265.98448217,16,3972019.609841802,0.1615061714961509,0.008137962537816262,0.16150617149615093,0.023967353601612583
135,71030896,29,51.14508370709144,-115.85181595069255,24593608.85,2327.208907950236,29,51.14508370709144,51.14508370709144,78,24593608.857457593,78,15.0,51.25,-115.75,2169,51.25,-115.75,15,51.25,-115.75,485478527.5715199,15,18467971.412979245,0.7509256376328498,0.038040758476714655,0.7509256376328499,0.04604856480817833
133,71030896,29,51.14508370709144,-115.85181595069255,24593608.85,2327.208907950236,29,51.14508370709144,51.14508370709144,78,24593608.857457593,78,11.0,51.25,-116.0,2088,51.25,-116.0,11,51.25,-116.0,485478527.5715949,11,2138743.6073653176,0.08696339035727894,0.004405433991207595,0.08696339035727896,0.005615507169166464
140,71031094,30,51.258283586289636,-115.61373992422126,24528490.29,2329.113305513756,30,51.258283586289636,51.258283586289636,80,24528490.297143202,80,19.0,51.25,-115.5,2020,51.25,-115.5,19,51.25,-115.5,485478527.5715949,19,13884054.185914524,0.5660378611859198,0.028598698804175232,0.5660378611859197,0.17997963314315113
139,71031094,30,51.258283586289636,-115.61373992422126,24528490.29,2329.113305513756,30,51.258283586289636,51.258283586289636,80,24528490.297143202,80,15.0,51.25,-115.75,2169,51.25,-115.75,15,51.25,-115.75,485478527.5715199,15,10644436.111228684,0.43396213881408047,0.021925657895674,0.43396213881408036,0.026541139530351653
144,71031120,31,51.237365866844044,-116.03222865297973,42059265.74,2305.7710661256215,31,51.237365866844044,51.237365866844044,82,42059265.75198657,82,11.0,51.25,-116.0,2088,51.25,-116.0,11,51.25,-116.0,485478527.5715949,11,35678646.63101567,0.8482945670379535,0.07349170891137723,0.8482945670379531,0.0936782208267768
143,71031120,31,51.237365866844044,-116.03222865297973,42059265.74,2305.7710661256215,31,51.237365866844044,51.237365866844044,82,42059265.75198657,82,7.0,51.25,-116.25,1999,51.25,-116.25,7,51.25,-116.25,485478527.57163244,7,6380619.120970916,0.15170543296204694,0.013142948160625816,0.1517054329620469,0.06303855607997488
148,71031296,32,51.28161009280348,-115.70956609205408,70411146.1,2319.7143563098407,32,51.28161009280348,51.28161009280348,85,70411146.12558359,85,19.0,51.25,-115.5,2020,51.25,-115.5,19,51.25,-115.5,485478527.5715949,19,159276.4195905822,0.0022620909948902223,0.0003280812858753949,0.0022620909948902223,0.0020647075546096605
147,71031296,32,51.28161009280348,-115.70956609205408,70411146.1,2319.7143563098407,32,51.28161009280348,51.28161009280348,85,70411146.12558359,85,15.0,51.25,-115.75,2169,51.25,-115.75,15,51.25,-115.75,485478527.5715199,15,70251869.70599301,0.9977379090051098,0.14470644058638335,0.9977379090051098,0.17516800858694045
152,71031359,33,51.31929645649142,-116.1921087727054,43681770.89,2415.539345052886,33,51.31929645649142,51.31929645649142,87,43681770.91029658,87,11.0,51.25,-116.0,2088,51.25,-116.0,11,51.25,-116.0,485478527.5715949,11,999620.5069572842,0.02288415707801937,0.0020590416469240596,0.02288415707801937,0.0026246138639214774
151,71031359,33,51.31929645649142,-116.1921087727054,43681770.89,2415.539345052886,33,51.31929645649142,51.31929645649142,87,43681770.91029658,87,7.0,51.25,-116.25,1999,51.25,-116.25,7,51.25,-116.25,485478527.57163244,7,42682150.403339304,0.9771158429219807,0.08791768941220895,0.9771158429219807,0.42168652928548495
156,71031503,34,51.36001537408404,-116.237274100702,30588043.79,2413.054304645063,34,51.36001537408404,51.36001537408404,90,30588043.807175577,90,6.0,51.5,-116.25,2258,51.5,-116.25,6,51.5,-116.25,482862192.65593123,6,7250364.036447165,0.23703261582050955,0.015015389787647946,0.23703261582050955,0.017008819750011724
157,71031503,34,51.36001537408404,-116.237274100702,30588043.79,2413.054304645063,34,51.36001537408404,51.36001537408404,90,30588043.807175577,90,7.0,51.25,-116.25,1999,51.25,-116.25,7,51.25,-116.25,485478527.57163244,7,23337679.77072841,0.7629673841794904,0.04807149738931539,0.7629673841794904,0.23056910420625373
163,71031506,35,51.34880685538449,-115.88016161561666,96221613.64,2371.327424044896,35,51.34880685538449,51.34880685538449,92,96221613.6698572,92,15.0,51.25,-115.75,2169,51.25,-115.75,15,51.25,-115.75,485478527.5715199,15,40720887.37470742,0.42319896561310555,0.08387783405870301,0.4231989656131045,0.10153461792792806
160,71031506,35,51.34880685538449,-115.88016161561666,96221613.64,2371.327424044896,35,51.34880685538449,51.34880685538449,92,96221613.6698572,92,11.0,51.25,-116.0,2088,51.25,-116.0,11,51.25,-116.0,485478527.5715949,11,30223587.151357524,0.31410393152474736,0.0622552500983689,0.3141039315247466,0.07935536066216548
161,71031506,35,51.34880685538449,-115.88016161561666,96221613.64,2371.327424044896,35,51.34880685538449,51.34880685538449,92,96221613.6698572,92,10.0,51.5,-116.0,2259,51.5,-116.0,10,51.5,-116.0,482862192.655894,10,25277139.14379249,0.26269710286214953,0.0523485572659153,0.26269710286214887,0.10327524770380166
168,71031643,36,51.39109548258578,-116.26725593912337,21720997.01,2492.927133332092,36,51.39109548258578,51.39109548258578,95,21720997.02252514,95,7.0,51.25,-116.25,1999,51.25,-116.25,7,51.25,-116.25,485478527.57163244,7,3704314.238872861,0.17054070929761686,0.007630232911436621,0.17054070929761686,0.03659748630310083
167,71031643,36,51.39109548258578,-116.26725593912337,21720997.01,2492.927133332092,36,51.39109548258578,51.39109548258578,95,21720997.02252514,95,6.0,51.5,-116.25,2258,51.5,-116.25,6,51.5,-116.25,482862192.65593123,6,18016682.78365228,0.8294592907023832,0.037312266434763645,0.8294592907023832,0.04226581016067775
171,71031654,37,51.46186819008913,-116.10668080432956,23486539.95,2357.0340437189216,37,51.46186819008913,51.46186819008913,97,23486539.95945067,97,10.0,51.5,-116.0,2259,51.5,-116.0,10,51.5,-116.0,482862192.655894,10,20769745.30542159,0.8843254622128417,0.0430138155799307,0.8843254622128413,0.084859310183805
170,71031654,37,51.46186819008913,-116.10668080432956,23486539.95,2357.0340437189216,37,51.46186819008913,51.46186819008913,97,23486539.95945067,97,6.0,51.5,-116.25,2258,51.5,-116.25,6,51.5,-116.25,482862192.65593123,6,2716794.6540290895,0.11567453778715871,0.005626438961985519,0.11567453778715865,0.006373400057691433
174,71031687,38,51.39430363429774,-115.99659758662885,25187936.16,2516.085360689106,38,51.39430363429774,51.39430363429774,99,25187936.173908144,99,11.0,51.25,-116.0,2088,51.25,-116.0,11,51.25,-116.0,485478527.5715949,11,5090036.137978069,0.20208230252904844,0.010484575215795567,0.20208230252904855,0.013364451131822814
175,71031687,38,51.39430363429774,-115.99659758662885,25187936.16,2516.085360689106,38,51.39430363429774,51.39430363429774,99,25187936.173908144,99,10.0,51.5,-116.0,2259,51.5,-116.0,10,51.5,-116.0,482862192.655894,10,20097900.03593006,0.797917697470951,0.04162243460268713,0.7979176974709514,0.08211434026333025
177,71031838,39,51.46258232849896,-116.01169247923069,61013574.99,2399.790764952759,39,51.46258232849896,51.46258232849896,101,61013575.0119043,101,10.0,51.5,-116.0,2259,51.5,-116.0,10,51.5,-116.0,482862192.655894,10,61013575.0119043,1.0,0.12635815340254833,1.0,0.24928422622527413
180,71031893,40,51.49619964748946,-116.34338149531358,40386682.94,2382.656989395468,40,51.49619964748946,51.49619964748946,103,40386682.95684546,103,6.0,51.5,-116.25,2258,51.5,-116.25,6,51.5,-116.25,482862192.65593123,6,30785688.920558646,0.7622732709555324,0.06375667714058393,0.7622732709555322,0.07222095760950291
179,71031893,40,51.49619964748946,-116.34338149531358,40386682.94,2382.656989395468,40,51.49619964748946,51.49619964748946,103,40386682.95684546,103,2.0,51.5,-116.5,2093,51.5,-116.5,2,51.5,-116.5,482862192.65585667,2,9600994.036286825,0.23772672904446776,0.01988350751480268,0.2377267290444677,0.14314315476081138
183,71032102,41,51.534787765879834,-116.09255707555967,41510866.47,2364.009798590133,41,51.534787765879834,51.534787765879834,105,41510866.48491392,105,10.0,51.5,-116.0,2259,51.5,-116.0,10,51.5,-116.0,482862192.655894,10,38247576.85927802,0.9213870992834645,0.07921012960013356,0.9213870992834643,0.15626879101079638
182,71032102,41,51.534787765879834,-116.09255707555967,41510866.47,2364.009798590133,41,51.534787765879834,51.534787765879834,105,41510866.48491392,105,6.0,51.5,-116.25,2258,51.5,-116.25,6,51.5,-116.25,482862192.65593123,6,3263289.6256359117,0.0786129007165358,0.006758221445515418,0.07861290071653579,0.007655436989853957
187,71032185,42,51.59395268097647,-116.42405526758519,56069027.6,2485.7857243688713,42,51.59395268097647,51.59395268097647,107,56069027.62402739,107,1.0,51.75,-116.5,2243,51.75,-116.5,1,51.75,-116.5,480236308.7281018,1,2471821.360291907,0.04408532598187331,0.005147093868929833,0.044085325981873334,0.025551321325288597
189,71032185,42,51.59395268097647,-116.42405526758519,56069027.6,2485.7857243688713,42,51.59395268097647,51.59395268097647,107,56069027.62402739,107,6.0,51.5,-116.25,2258,51.5,-116.25,6,51.5,-116.25,482862192.65593123,6,5579010.762726097,0.09950254176220655,0.011554043467431883,0.09950254176220659,0.01308794813192345
186,71032185,42,51.59395268097647,-116.42405526758519,56069027.6,2485.7857243688713,42,51.59395268097647,51.59395268097647,107,56069027.62402739,107,2.0,51.5,-116.5,2093,51.5,-116.5,2,51.5,-116.5,482862192.65585667,2,48018195.50100936,0.8564121322559197,0.09944492700266692,0.8564121322559201,0.7159129527586072
193,71032217,43,51.59918963912314,-116.22869646254482,50687638.6,2413.538904729149,43,51.59918963912314,51.59918963912314,109,50687638.62294872,109,6.0,51.5,-116.25,2258,51.5,-116.25,6,51.5,-116.25,482862192.65593123,6,42248813.39787085,0.8335131512467577,0.08749662748596204,0.833513151246757,0.09911260291536982
192,71032217,43,51.59918963912314,-116.22869646254482,50687638.6,2413.538904729149,43,51.59918963912314,51.59918963912314,109,50687638.62294872,109,5.0,51.75,-116.25,2284,51.75,-116.25,5,51.75,-116.25,480236308.72817594,5,8438825.225077908,0.16648684875324313,0.017572234901244137,0.166486848753243,0.062475733183760894
198,71032292,44,51.62616227067477,-116.08632945265121,23691696.3,2552.319670473011,44,51.62616227067477,51.62616227067477,111,23691696.313881446,111,9.0,51.75,-116.0,2223,51.75,-116.0,9,51.75,-116.0,480236308.7281388,9,12808433.693832742,0.5406296587690101,0.026671106413745947,0.54062965876901,0.6310430165053381
195,71032292,44,51.62616227067477,-116.08632945265121,23691696.3,2552.319670473011,44,51.62616227067477,51.62616227067477,111,23691696.313881446,111,5.0,51.75,-116.25,2284,51.75,-116.25,5,51.75,-116.25,480236308.72817594,5,56178.548359521854,0.002371233685221843,0.00011698105149171493,0.0023712336852218427,0.00041591049753351105
197,71032292,44,51.62616227067477,-116.08632945265121,23691696.3,2552.319670473011,44,51.62616227067477,51.62616227067477,111,23691696.313881446,111,10.0,51.5,-116.0,2259,51.5,-116.0,10,51.5,-116.0,482862192.655894,10,10827084.071689187,0.45699910754576817,0.02242272067758467,0.45699910754576806,0.04423640598932985
203,71032409,45,51.66354186840376,-116.17843071110183,60688513.75,2430.2113419923253,45,51.66354186840376,51.66354186840376,113,60688513.771121085,113,5.0,51.75,-116.25,2284,51.75,-116.25,5,51.75,-116.25,480236308.72817594,5,51831162.39653404,0.8540522608941883,0.1079284540850317,0.8540522608941883,0.38372519706499153
206,71032409,45,51.66354186840376,-116.17843071110183,60688513.75,2430.2113419923253,45,51.66354186840376,51.66354186840376,113,60688513.771121085,113,9.0,51.75,-116.0,2223,51.75,-116.0,9,51.75,-116.0,480236308.7281388,9,7238676.441068951,0.11927588914714055,0.015073155256086138,0.11927588914714055,0.3566334749484417
204,71032409,45,51.66354186840376,-116.17843071110183,60688513.75,2430.2113419923253,45,51.66354186840376,51.66354186840376,113,60688513.771121085,113,6.0,51.5,-116.25,2258,51.5,-116.25,6,51.5,-116.25,482862192.65593123,6,1618674.9335180852,0.02667184995867108,0.0033522503068934405,0.02667184995867108,0.0037972921138401867
209,71032422,46,51.672281977585385,-116.3030152669505,47629683.0,2407.4173527545177,46,51.672281977585385,51.672281977585385,115,47629683.01713226,115,5.0,51.75,-116.25,2284,51.75,-116.25,5,51.75,-116.25,480236308.72817594,5,47629683.01713226,1.0,0.09917967915268915,1.0,0.35262009680713474
213,71032440,47,51.667509287412265,-116.45110958461677,86940813.87,2398.2599948145635,47,51.667509287412265,51.667509287412265,117,86940813.89501904,117,5.0,51.75,-116.25,2284,51.75,-116.25,5,51.75,-116.25,480236308.72817594,5,4771513.865870708,0.05488232341179031,0.009935762413523562,0.05488232341179035,0.035325275641551364
211,71032440,47,51.667509287412265,-116.45110958461677,86940813.87,2398.2599948145635,47,51.667509287412265,51.667509287412265,117,86940813.89501904,117,2.0,51.5,-116.5,2093,51.5,-116.5,2,51.5,-116.5,482862192.65585667,2,2147231.8208946227,0.024697627324807465,0.004446883300356025,0.024697627324807486,0.03201351190137074
214,71032440,47,51.667509287412265,-116.45110958461677,86940813.87,2398.2599948145635,47,51.667509287412265,51.667509287412265,117,86940813.89501904,117,6.0,51.5,-116.25,2258,51.5,-116.25,6,51.5,-116.25,482862192.65593123,6,386596.52112786873,0.004446663239139718,0.0008006353096344868,0.004446663239139721,0.0009069269502594081
212,71032440,47,51.667509287412265,-116.45110958461677,86940813.87,2398.2599948145635,47,51.667509287412265,51.667509287412265,117,86940813.89501904,117,1.0,51.75,-116.5,2243,51.75,-116.5,1,51.75,-116.5,480236308.7281018,1,79635471.68712577,0.9159733860242617,0.16582559510762326,0.9159733860242624,0.823195218981511
0,71028585,48,51.15181715500732,-115.58027472188999,508126.212,2113.275575029089,48,51.15181715500732,51.15181715500732,1,508126.2124766382,1,19.0,51.25,-115.5,2020,51.25,-115.5,19,51.25,-115.5,485478527.5715949,19,508126.2124766382,1.0,0.0010466502298635719,1.0,0.006586863468506433
5,71028597,49,51.1774712006235,-115.6114022642511,3781836.401,1704.8815968540737,49,51.1774712006235,51.1774712006235,5,3781836.4023083136,5,15.0,51.25,-115.75,2169,51.25,-115.75,15,51.25,-115.75,485478527.5715199,15,626623.1367237269,0.16569281958924925,0.0012907329596187212,0.16569281958924928,0.0015624399386630647
6,71028597,49,51.1774712006235,-115.6114022642511,3781836.401,1704.8815968540737,49,51.1774712006235,51.1774712006235,5,3781836.4023083136,5,19.0,51.25,-115.5,2020,51.25,-115.5,19,51.25,-115.5,485478527.5715949,19,3155213.265584586,0.8343071804107506,0.006499181913085287,0.8343071804107508,0.04090117471627489
11,71028609,50,51.17415542030264,-115.64868013527861,7747911.174,1775.0189928296886,50,51.17415542030264,51.17415542030264,8,7747911.176707938,8,15.0,51.25,-115.75,2169,51.25,-115.75,15,51.25,-115.75,485478527.5715199,15,7726285.817409422,0.9972088787796732,0.015914783823824625,0.9972088787796733,0.01926494064959633
12,71028609,50,51.17415542030264,-115.64868013527861,7747911.174,1775.0189928296886,50,51.17415542030264,51.17415542030264,8,7747911.176707938,8,19.0,51.25,-115.5,2020,51.25,-115.5,19,51.25,-115.5,485478527.5715949,19,21625.359298515596,0.0027911212203266555,4.454441972271666e-05,0.002791121220326656,0.00028033052745388
15,71028676,51,51.19774089470782,-115.75549412034867,40539816.09,1744.985064444409,51,51.19774089470782,51.19774089470782,11,40539816.110042825,11,15.0,51.25,-115.75,2169,51.25,-115.75,15,51.25,-115.75,485478527.5715199,15,40539816.110042825,1.0,0.08350485924234943,1.0,0.10108312969030027
19,71028700,52,51.23543680780609,-115.83561956427785,4516368.174,1665.4638240180705,52,51.23543680780609,51.23543680780609,14,4516368.175248671,14,15.0,51.25,-115.75,2169,51.25,-115.75,15,51.25,-115.75,485478527.5715199,15,4516368.175248671,1.0,0.009302920559310066,1.0,0.011261240770026866
23,71028740,53,51.26225145639907,-115.8918289620125,23496370.49,1738.7191887190781,53,51.26225145639907,51.26225145639907,17,23496370.506043088,17,11.0,51.25,-116.0,2088,51.25,-116.0,11,51.25,-116.0,485478527.5715949,11,17993142.671111844,0.7657839182644888,0.03706269515382087,0.7657839182644884,0.04724298009237948
24,71028740,53,51.26225145639907,-115.8918289620125,23496370.49,1738.7191887190781,53,51.26225145639907,51.26225145639907,17,23496370.506043088,17,15.0,51.25,-115.75,2169,51.25,-115.75,15,51.25,-115.75,485478527.5715199,15,5503227.834931255,0.23421608173551176,0.011335677115236633,0.23421608173551164,0.013721904693490203
31,71028852,54,51.30596203259391,-116.0179012630657,57158207.1,1684.8137203694423,54,51.30596203259391,51.30596203259391,20,57158207.12453954,20,11.0,51.25,-116.0,2088,51.25,-116.0,11,51.25,-116.0,485478527.5715949,11,57158207.12453954,1.0,0.11773580885327674,1.0,0.15007517534088805
40,71028904,55,51.35946874854424,-116.09386932772335,18383179.55,1678.4244692442846,55,51.35946874854424,51.35946874854424,23,18383179.564349107,23,10.0,51.5,-116.0,2259,51.5,-116.0,10,51.5,-116.0,482862192.655894,10,3985574.5893747183,0.21680550828671816,0.008254062235547588,0.21680550828671843,0.01628393152477203
38,71028904,55,51.35946874854424,-116.09386932772335,18383179.55,1678.4244692442846,55,51.35946874854424,51.35946874854424,23,18383179.564349107,23,7.0,51.25,-116.25,1999,51.25,-116.25,7,51.25,-116.25,485478527.57163244,7,976912.6891790001,0.05314166060116976,0.002012267553964797,0.05314166060116982,0.009651597152954427
39,71028904,55,51.35946874854424,-116.09386932772335,18383179.55,1678.4244692442846,55,51.35946874854424,51.35946874854424,23,18383179.564349107,23,11.0,51.25,-116.0,2088,51.25,-116.0,11,51.25,-116.0,485478527.5715949,11,13420692.285795366,0.7300528311121108,0.02764425514950541,0.7300528311121117,0.03523750742563322
47,71028957,56,51.39008027257136,-116.12377300815962,23012178.55,1679.4948833739265,56,51.39008027257136,51.39008027257136,26,23012178.5597764,26,7.0,51.25,-116.25,1999,51.25,-116.25,7,51.25,-116.25,485478527.57163244,7,2914762.6470026136,0.12666174301712593,0.006003896117882454,0.12666174301712604,0.02879695921340794
46,71028957,56,51.39008027257136,-116.12377300815962,23012178.55,1679.4948833739265,56,51.39008027257136,51.39008027257136,26,23012178.5597764,26,6.0,51.5,-116.25,2258,51.5,-116.25,6,51.5,-116.25,482862192.65593123,6,7761986.212491502,0.3372990606834107,0.01607495126051915,0.337299060683411,0.018209047673561768
48,71028957,56,51.39008027257136,-116.12377300815962,23012178.55,1679.4948833739265,56,51.39008027257136,51.39008027257136,26,23012178.5597764,26,11.0,51.25,-116.0,2088,51.25,-116.0,11,51.25,-116.0,485478527.5715949,11,856772.797475084,0.03723127713656194,0.0017648006015028815,0.03723127713656198,0.00224955145160901
49,71028957,56,51.39008027257136,-116.12377300815962,23012178.55,1679.4948833739265,56,51.39008027257136,51.39008027257136,26,23012178.5597764,26,10.0,51.5,-116.0,2259,51.5,-116.0,10,51.5,-116.0,482862192.655894,10,11478656.902807182,0.4988079191629006,0.023772117754075874,0.49880791916290107,0.04689854845521502
54,71028974,57,51.430321391854584,-116.15568654805111,9489160.638,1709.6730152445498,57,51.430321391854584,51.430321391854584,29,9489160.641015973,29,6.0,51.5,-116.25,2258,51.5,-116.25,6,51.5,-116.25,482862192.65593123,6,9489160.641015973,1.0,0.019651902313622592,1.0,0.022260871607356646
56,71029016,58,51.410061951393345,-116.17630663395144,8144048.825,1651.6449719923164,58,51.410061951393345,51.410061951393345,31,8144048.827668622,31,6.0,51.5,-116.25,2258,51.5,-116.25,6,51.5,-116.25,482862192.65593123,6,8144048.827668622,1.0,0.01686619692230026,1.0,0.019105338414564358
58,71029071,59,51.442111471106266,-116.20075239478494,9518971.44,1618.189980397106,59,51.442111471106266,51.442111471106266,33,9518971.442847347,33,6.0,51.5,-116.25,2258,51.5,-116.25,6,51.5,-116.25,482862192.65593123,6,9518971.442847347,1.0,0.01971364001494769,1.0,0.022330805551694373
60,71029528,60,51.514395677564764,-116.28019195941084,56359210.36,1763.1302202019258,60,51.514395677564764,51.514395677564764,35,56359210.38422401,35,6.0,51.5,-116.25,2258,51.5,-116.25,6,51.5,-116.25,482862192.65593123,6,56359210.38422401,1.0,0.11671903752544029,1.0,0.13221455444987448
63,71029778,61,51.605363523788526,-116.32415907299577,14559765.94,1845.3284817415126,61,51.605363523788526,51.605363523788526,37,14559765.951644503,37,5.0,51.75,-116.25,2284,51.75,-116.25,5,51.75,-116.25,480236308.72817594,5,1934081.3979841392,0.13283739617845214,0.004027353539981649,0.13283739617845208,0.014318717375144691
64,71029778,61,51.605363523788526,-116.32415907299577,14559765.94,1845.3284817415126,61,51.605363523788526,51.605363523788526,37,14559765.951644503,37,6.0,51.5,-116.25,2258,51.5,-116.25,6,51.5,-116.25,482862192.65593123,6,12625684.553660369,0.8671626038215482,0.02614759396301905,0.8671626038215479,0.029618925575900824
66,71029798,62,51.14314599716791,-115.67746131737756,4979481.209,1659.4221740126222,62,51.14314599716791,51.14314599716791,39,4979481.210326449,39,15.0,51.25,-115.75,2169,51.25,-115.75,15,51.25,-115.75,485478527.5715199,15,4979481.210326449,1.0,0.0102568515959604,1.0,0.012415979974047052
69,71029857,63,51.20818380959291,-115.58813219339505,12757983.3,1727.5450937962864,63,51.20818380959291,51.20818380959291,42,12757983.305280745,42,19.0,51.25,-115.5,2020,51.25,-115.5,19,51.25,-115.5,485478527.5715949,19,12757983.305280745,1.0,0.026279191726763424,1.0,0.16538232451299162
74,71029963,64,51.11441073713066,-115.67834317285975,8515232.819,1706.2268354907878,64,51.11441073713066,51.11441073713066,45,8515232.821734887,45,16.0,51.0,-115.75,2003,51.0,-115.75,16,51.0,-115.75,488085265.98448217,16,7347053.527295399,0.8628129942075403,0.015052807448461242,0.8628129942075407,0.044332467388215425
73,71029963,64,51.11441073713066,-115.67834317285975,8515232.819,1706.2268354907878,64,51.11441073713066,51.11441073713066,45,8515232.821734887,45,15.0,51.25,-115.75,2169,51.25,-115.75,15,51.25,-115.75,485478527.5715199,15,1168179.2944394834,0.1371870057924593,0.0024062429707921306,0.13718700579245935,0.0029127714541383252
78,71029992,65,51.50297300797191,-116.1826173551779,37301371.0,1796.2653492576833,65,51.50297300797191,51.50297300797191,48,37301371.01899659,48,6.0,51.5,-116.25,2258,51.5,-116.25,6,51.5,-116.25,482862192.65593123,6,37301371.01899659,1.0,0.07725055219963367,1.0,0.08750626767167398
81,71030071,66,51.09190449100947,-115.6602584119185,4735971.273,1745.9620791015625,66,51.09190449100947,51.09190449100947,51,4735971.274494945,51,16.0,51.0,-115.75,2003,51.0,-115.75,16,51.0,-115.75,488085265.98448217,16,4735971.274494945,1.0,0.009703163780087386,1.0,0.028577073965508695
84,71030100,67,51.204514322045625,-115.84967206912073,8882157.206,1718.4629421245725,67,51.204514322045625,51.204514322045625,53,8882157.208563516,53,11.0,51.25,-116.0,2088,51.25,-116.0,11,51.25,-116.0,485478527.5715949,11,218713.9044478785,0.024623962322690124,0.00045051200419080154,0.024623962322690127,0.000574257472561864
85,71030100,67,51.204514322045625,-115.84967206912073,8882157.206,1718.4629421245725,67,51.204514322045625,51.204514322045625,53,8882157.208563516,53,15.0,51.25,-115.75,2169,51.25,-115.75,15,51.25,-115.75,485478527.5715199,15,8663443.304115636,0.9753760376773097,0.01784516268402695,0.9753760376773098,0.021601675762351138
91,71030270,68,51.592764570607855,-116.13680026453419,8234952.21,1891.5113396812012,68,51.592764570607855,51.592764570607855,56,8234952.212334117,56,6.0,51.5,-116.25,2258,51.5,-116.25,6,51.5,-116.25,482862192.65593123,6,7546911.570849733,0.9164487390158922,0.015629535063283302,0.9164487390158922,0.017704498413125495
92,71030270,68,51.592764570607855,-116.13680026453419,8234952.21,1891.5113396812012,68,51.592764570607855,51.592764570607855,56,8234952.212334117,56,10.0,51.5,-116.0,2259,51.5,-116.0,10,51.5,-116.0,482862192.655894,10,688040.6414843844,0.08355126098410788,0.0014249213377008135,0.08355126098410788,0.00281113963393411
95,71030287,69,51.39430440778611,-116.0554979897056,16589403.86,1774.5584678019272,69,51.39430440778611,51.39430440778611,58,16589403.873918392,58,11.0,51.25,-116.0,2088,51.25,-116.0,11,51.25,-116.0,485478527.5715949,11,4482449.865108852,0.27019957432925557,0.009233054832580237,0.27019957432925557,0.011769166377056306
96,71030287,69,51.39430440778611,-116.0554979897056,16589403.86,1774.5584678019272,69,51.39430440778611,51.39430440778611,58,16589403.873918392,58,10.0,51.5,-116.0,2259,51.5,-116.0,10,51.5,-116.0,482862192.655894,10,12106954.00880954,0.7298004256707445,0.02507331117024815,0.7298004256707445,0.04946559288555397
99,71030302,70,51.18397181606968,-115.90111519905076,6217552.569,1820.6775236419758,70,51.18397181606968,51.18397181606968,61,6217552.570314779,61,11.0,51.25,-116.0,2088,51.25,-116.0,11,51.25,-116.0,485478527.5715949,11,6217552.570314779,1.0,0.012807059874337818,1.0,0.016324869850240193
102,71030418,71,51.036610173572775,-115.6042253697221,19882074.17,1851.7455949884697,71,51.036610173572775,51.036610173572775,63,19882074.184661258,63,16.0,51.0,-115.75,2003,51.0,-115.75,16,51.0,-115.75,488085265.98448217,16,5079272.668962795,0.2554699586062999,0.010406527348695427,0.2554699586063002,0.030648570765965166
103,71030418,71,51.036610173572775,-115.6042253697221,19882074.17,1851.7455949884697,71,51.036610173572775,51.036610173572775,63,19882074.184661258,63,20.0,51.0,-115.5,2041,51.0,-115.5,20,51.0,-115.5,488085265.98455757,20,14802801.515698439,0.7445300413936989,0.03032831053778784,0.7445300413936997,0.19190515852537668
106,71030527,72,51.05683408062537,-115.66216247510249,5519513.475,1862.8642035457174,72,51.05683408062537,51.05683408062537,65,5519513.476157167,65,16.0,51.0,-115.75,2003,51.0,-115.75,16,51.0,-115.75,488085265.98448217,16,5519513.476157167,1.0,0.011308502552364796,1.0,0.03330500455338725
108,71030563,73,51.07647374486839,-115.70074861784632,7282267.006,1829.3687234984898,73,51.07647374486839,51.07647374486839,67,7282267.008222622,67,16.0,51.0,-115.75,2003,51.0,-115.75,16,51.0,-115.75,488085265.98448217,16,7282267.008222622,1.0,0.014920071380425871,1.0,0.04394154247752578
111,71030690,74,51.11887833969609,-115.74579612473038,16006456.73,1793.0929272320675,74,51.11887833969609,51.11887833969609,69,16006456.735340836,69,15.0,51.25,-115.75,2169,51.25,-115.75,15,51.25,-115.75,485478527.5715199,15,4783359.510204003,0.2988393739660552,0.009852875541440556,0.2988393739660551,0.011926964552893025
112,71030690,74,51.11887833969609,-115.74579612473038,16006456.73,1793.0929272320675,74,51.11887833969609,51.11887833969609,69,16006456.735340836,69,16.0,51.0,-115.75,2003,51.0,-115.75,16,51.0,-115.75,488085265.98448217,16,11223097.225136837,0.7011606260339451,0.0229941323930349,0.7011606260339448,0.06772069781167189
118,71030774,75,51.12825107222597,-115.59257831913648,19199563.48,1753.8234884600572,75,51.12825107222597,51.12825107222597,72,19199563.492881108,72,15.0,51.25,-115.75,2169,51.25,-115.75,15,51.25,-115.75,485478527.5715199,15,278444.38931368437,0.014502641657292214,0.0005735462507611408,0.014502641657292214,0.0006942811541160165
120,71030774,75,51.12825107222597,-115.59257831913648,19199563.48,1753.8234884600572,75,51.12825107222597,51.12825107222597,72,19199563.492881108,72,19.0,51.25,-115.5,2020,51.25,-115.5,19,51.25,-115.5,485478527.5715949,19,10665290.95733417,0.5554965331002807,0.02196861519433798,0.5554965331002807,0.1382546573329679
121,71030774,75,51.12825107222597,-115.59257831913648,19199563.48,1753.8234884600572,75,51.12825107222597,51.12825107222597,72,19199563.492881108,72,20.0,51.0,-115.5,2041,51.0,-115.5,20,51.0,-115.5,488085265.98455757,20,8255828.146233253,0.4300008252424271,0.01691472519577032,0.4300008252424271,0.1070294705688625
129,71030784,76,51.1474875231419,-115.90900726795508,5189854.603,1933.919295247396,76,51.1474875231419,51.1474875231419,75,5189854.604860691,75,12.0,51.0,-116.0,1848,51.0,-116.0,12,51.0,-116.0,488085265.98455757,12,630205.4112063277,0.12143026330951405,0.0012911789294337492,0.12143026330951381,0.02777329830258006
128,71030784,76,51.1474875231419,-115.90900726795508,5189854.603,1933.919295247396,76,51.1474875231419,51.1474875231419,75,5189854.604860691,75,11.0,51.25,-116.0,2088,51.25,-116.0,11,51.25,-116.0,485478527.5715949,11,4559649.193654374,0.878569736690488,0.009392071811007027,0.8785697366904862,0.011971861726517225
132,71030838,77,51.15927509283283,-115.95593479198082,11625580.54,1900.0878893197387,77,51.15927509283283,51.15927509283283,77,11625580.546348874,77,11.0,51.25,-116.0,2088,51.25,-116.0,11,51.25,-116.0,485478527.5715949,11,11625580.546348874,1.0,0.023946642098675346,1.0,0.030524243616169577
137,71030896,78,51.1764239908207,-115.8680239833861,2263750.269,1874.36350994975,78,51.1764239908207,51.1764239908207,79,2263750.2691793162,79,11.0,51.25,-116.0,2088,51.25,-116.0,11,51.25,-116.0,485478527.5715949,11,445665.9704189962,0.19687064270590446,0.000917993165729194,0.1968706427059045,0.0011701451465818118
138,71030896,78,51.1764239908207,-115.8680239833861,2263750.269,1874.36350994975,78,51.1764239908207,51.1764239908207,79,2263750.2691793162,79,15.0,51.25,-115.75,2169,51.25,-115.75,15,51.25,-115.75,485478527.5715199,15,1818084.2987603191,0.8031293572940952,0.0037449324645825494,0.8031293572940954,0.004533263063173126
141,71031094,79,51.24769720206829,-115.61701754542986,7169259.936,1861.6985952637085,79,51.24769720206829,51.24769720206829,81,7169259.937874724,81,15.0,51.25,-115.75,2169,51.25,-115.75,15,51.25,-115.75,485478527.5715199,15,1348335.6924671794,0.18807180994289402,0.0027773333234981123,0.18807180994289385,0.0033619785372918094
142,71031094,79,51.24769720206829,-115.61701754542986,7169259.936,1861.6985952637085,79,51.24769720206829,51.24769720206829,81,7169259.937874724,81,19.0,51.25,-115.5,2020,51.25,-115.5,19,51.25,-115.5,485478527.5715949,19,5820924.245407551,0.8119281900571068,0.01199007559515415,0.8119281900571061,0.07545690878283746
145,71031120,80,51.24709120001692,-116.00530722301284,34357872.44,1769.9297779075466,80,51.24709120001692,51.24709120001692,83,34357872.451029144,83,11.0,51.25,-116.0,2088,51.25,-116.0,11,51.25,-116.0,485478527.5715949,11,34357872.451029144,1.0,0.07077114743445022,1.0,0.09021038258238763
150,71031296,81,51.24942149989891,-115.67807010715404,22920267.11,1845.7322665075606,81,51.24942149989891,51.24942149989891,86,22920267.121589582,86,19.0,51.25,-115.5,2020,51.25,-115.5,19,51.25,-115.5,485478527.5715949,19,1478949.3137362876,0.06452583235136915,0.003046374308528368,0.0645258323513691,0.01917168799251839
149,71031296,81,51.24942149989891,-115.67807010715404,22920267.11,1845.7322665075606,81,51.24942149989891,51.24942149989891,86,22920267.121589582,86,15.0,51.25,-115.75,2169,51.25,-115.75,15,51.25,-115.75,485478527.5715199,15,21441317.807853308,0.9354741676486314,0.04416532676554805,0.9354741676486308,0.053462391216058495
154,71031359,82,51.34018238275296,-116.16110576889291,14299198.85,1865.9531506917563,82,51.34018238275296,51.34018238275296,88,14299198.859824112,88,11.0,51.25,-116.0,2088,51.25,-116.0,11,51.25,-116.0,485478527.5715949,11,1323690.7315064173,0.09257097159656534,0.0027265690578070086,0.09257097159656526,0.0034754959719974646
153,71031359,82,51.34018238275296,-116.16110576889291,14299198.85,1865.9531506917563,82,51.34018238275296,51.34018238275296,88,14299198.859824112,88,7.0,51.25,-116.25,1999,51.25,-116.25,7,51.25,-116.25,485478527.57163244,7,12975508.128317708,0.9074290284034356,0.026727254433314085,0.9074290284034349,0.12819403278982433
158,71031503,83,51.38142111066598,-116.19790772646944,6868907.926,1874.7576618478367,83,51.38142111066598,51.38142111066598,91,6868907.927701588,91,6.0,51.5,-116.25,2258,51.5,-116.25,6,51.5,-116.25,482862192.65593123,6,4835054.726654945,0.7039044310312669,0.010013322227735929,0.703904431031266,0.011342682093438007
159,71031503,83,51.38142111066598,-116.19790772646944,6868907.926,1874.7576618478367,83,51.38142111066598,51.38142111066598,91,6868907.927701588,91,7.0,51.25,-116.25,1999,51.25,-116.25,7,51.25,-116.25,485478527.57163244,7,2033853.2010466529,0.2960955689687345,0.004189378284596855,0.2960955689687341,0.0200938446006328
164,71031506,84,51.298102874453775,-115.8393745409986,25833051.49,1828.3330862389837,84,51.298102874453775,51.298102874453775,93,25833051.50358151,93,11.0,51.25,-116.0,2088,51.25,-116.0,11,51.25,-116.0,485478527.5715949,11,3943466.436602315,0.15265197903761352,0.0081228441890682,0.15265197903761363,0.010354005954639485
165,71031506,84,51.298102874453775,-115.8393745409986,25833051.49,1828.3330862389837,84,51.298102874453775,51.298102874453775,93,25833051.50358151,93,15.0,51.25,-115.75,2169,51.25,-115.75,15,51.25,-115.75,485478527.5715199,15,21889585.066979174,0.8473480209623857,0.0450886781264583,0.8473480209623864,0.05458011354038129
169,71031643,85,51.4095107590013,-116.22338501481194,8966624.293,1797.1932520877829,85,51.4095107590013,51.4095107590013,96,8966624.295579968,96,6.0,51.5,-116.25,2258,51.5,-116.25,6,51.5,-116.25,482862192.65593123,6,8966624.295579968,1.0,0.018569737767746987,1.0,0.021035039846679142
172,71031654,86,51.4226409821485,-116.13531621693788,6938022.593,1715.6011860771387,86,51.4226409821485,51.4226409821485,98,6938022.594736036,98,6.0,51.5,-116.25,2258,51.5,-116.25,6,51.5,-116.25,482862192.65593123,6,6048760.901936073,0.8718277894519028,0.01252688861114911,0.871827789451903,0.014189947342611442
173,71031654,86,51.4226409821485,-116.13531621693788,6938022.593,1715.6011860771387,86,51.4226409821485,51.4226409821485,98,6938022.594736036,98,10.0,51.5,-116.0,2259,51.5,-116.0,10,51.5,-116.0,482862192.655894,10,889261.6927999615,0.12817221054809702,0.0018416469674478809,0.12817221054809705,0.003633271988375772
176,71031687,87,51.427425081736814,-116.02474325810772,2745904.367,1879.1256612340999,87,51.427425081736814,51.427425081736814,100,2745904.3682772596,100,10.0,51.5,-116.0,2259,51.5,-116.0,10,51.5,-116.0,482862192.655894,10,2745904.3682772596,1.0,0.005686724721962433,1.0,0.01121898930854392
178,71031838,88,51.45050958247174,-116.0199059673404,4087256.991,1909.6004163864877,88,51.45050958247174,51.45050958247174,102,4087256.9922877364,102,10.0,51.5,-116.0,2259,51.5,-116.0,10,51.5,-116.0,482862192.655894,10,4087256.9922877364,1.0,0.008464644891343713,1.0,0.016699377089565644
181,71031893,89,51.46128961015833,-116.2830678245405,30322387.93,1758.5804202763911,89,51.46128961015833,51.46128961015833,104,30322387.943187326,104,6.0,51.5,-116.25,2258,51.5,-116.25,6,51.5,-116.25,482862192.65593123,6,30322387.943187326,1.0,0.06279718810951487,1.0,0.0711340876572495
184,71032102,90,51.5625281935801,-116.1171462532883,6558010.919,1907.6234737221712,90,51.5625281935801,51.5625281935801,106,6558010.920810971,106,6.0,51.5,-116.25,2258,51.5,-116.25,6,51.5,-116.25,482862192.65593123,6,2780447.4865693324,0.423977257760574,0.005758262976183291,0.42397725776057427,0.0065227249122521425
185,71032102,90,51.5625281935801,-116.1171462532883,6558010.919,1907.6234737221712,90,51.5625281935801,51.5625281935801,106,6558010.920810971,106,10.0,51.5,-116.0,2259,51.5,-116.0,10,51.5,-116.0,482862192.655894,10,3777563.434241635,0.5760227422394254,0.007823274407681097,0.5760227422394257,0.015434056724885953
191,71032185,91,51.586640749237404,-116.37647384135937,15443935.43,1815.5280036661727,91,51.586640749237404,51.586640749237404,108,15443935.434791373,108,6.0,51.5,-116.25,2258,51.5,-116.25,6,51.5,-116.25,482862192.65593123,6,8137683.619543683,0.5269177441140741,0.016853014676471635,0.526917744114075,0.019090406105355583
190,71032185,91,51.586640749237404,-116.37647384135937,15443935.43,1815.5280036661727,91,51.586640749237404,51.586640749237404,108,15443935.434791373,108,2.0,51.5,-116.5,2093,51.5,-116.5,2,51.5,-116.5,482862192.65585667,2,7306251.815247665,0.47308225588592423,0.015131132497786887,0.473082255885925,0.10893038057921064
194,71032217,92,51.58505420065362,-116.18897195148662,6147798.287,1923.8615226081024,92,51.58505420065362,51.58505420065362,110,6147798.288901833,110,6.0,51.5,-116.25,2258,51.5,-116.25,6,51.5,-116.25,482862192.65593123,6,6147798.288901833,1.0,0.01273199348055505,1.0,0.014422281754365782
199,71032292,93,51.62108173417444,-116.11673727827014,1899612.839,1929.2600221445862,93,51.62108173417444,51.62108173417444,112,1899612.8394514068,112,5.0,51.75,-116.25,2284,51.75,-116.25,5,51.75,-116.25,480236308.72817594,5,9363.384969832094,0.004929101749247054,1.9497453232200255e-05,0.004929101749247053,6.932058971119008e-05
201,71032292,93,51.62108173417444,-116.11673727827014,1899612.839,1929.2600221445862,93,51.62108173417444,51.62108173417444,112,1899612.8394514068,112,10.0,51.5,-116.0,2259,51.5,-116.0,10,51.5,-116.0,482862192.655894,10,1175887.6886908743,0.6190143929699177,0.0024352448930058533,0.6190143929699176,0.004804344812542754
202,71032292,93,51.62108173417444,-116.11673727827014,1899612.839,1929.2600221445862,93,51.62108173417444,51.62108173417444,112,1899612.8394514068,112,9.0,51.75,-116.0,2223,51.75,-116.0,9,51.75,-116.0,480236308.7281388,9,250133.25234747492,0.1316759116135009,0.0005208545205795238,0.13167591161350087,0.01232350854622012
200,71032292,93,51.62108173417444,-116.11673727827014,1899612.839,1929.2600221445862,93,51.62108173417444,51.62108173417444,112,1899612.8394514068,112,6.0,51.5,-116.25,2258,51.5,-116.25,6,51.5,-116.25,482862192.65593123,6,464228.51344322594,0.24438059366733458,0.0009614099436731363,0.24438059366733453,0.001089045883527929
207,71032409,94,51.63921304839715,-116.14834587281784,5102855.692,1946.3547414463771,94,51.63921304839715,51.63921304839715,114,5102855.693556312,114,5.0,51.75,-116.25,2284,51.75,-116.25,5,51.75,-116.25,480236308.72817594,5,4401880.3384776125,0.8626307704597911,0.009166071491210738,0.8626307704597914,0.03258874241361379
208,71032409,94,51.63921304839715,-116.14834587281784,5102855.692,1946.3547414463771,94,51.63921304839715,51.63921304839715,114,5102855.693556312,114,6.0,51.5,-116.25,2258,51.5,-116.25,6,51.5,-116.25,482862192.65593123,6,700975.3550786965,0.13736922954020844,0.001451708925942322,0.1373692295402085,0.0016444365281245144
210,71032422,95,51.64787220465635,-116.32313465267656,3299650.87,1934.536977016752,95,51.64787220465635,51.64787220465635,116,3299650.8712330936,116,5.0,51.75,-116.25,2284,51.75,-116.25,5,51.75,-116.25,480236308.72817594,5,3299650.8712330936,1.0,0.0068708900415540355,1.0,0.024428531452234187
216,71032440,96,51.65775630950844,-116.41422511452991,20071661.76,1931.3799124358497,96,51.65775630950844,51.65775630950844,118,20071661.768029228,118,5.0,51.75,-116.25,2284,51.75,-116.25,5,51.75,-116.25,480236308.72817594,5,5439481.782970042,0.27100306122307316,0.011326677479625777,0.27100306122307327,0.04027048830456457
215,71032440,96,51.65775630950844,-116.41422511452991,20071661.76,1931.3799124358497,96,51.65775630950844,51.65775630950844,118,20071661.768029228,118,1.0,51.75,-116.5,2243,51.75,-116.5,1,51.75,-116.5,480236308.7281018,1,14632179.985059178,0.7289969387769264,0.030468708257008457,0.7289969387769267,0.1512534596932003
1,71028585,97,51.16043065871223,-115.57511768915904,1615975.241,1694.167915267689,97,51.16043065871223,51.16043065871223,2,1615975.2410315939,2,19.0,51.25,-115.5,2020,51.25,-115.5,19,51.25,-115.5,485478527.5715949,19,1615975.2410315939,1.0,0.0033286235111464973,1.0,0.02094796139187814
79,71030026,98,51.5654464138137,-116.15334183862518,519678.673,1809.3268275310083,98,51.5654464138137,51.5654464138137,49,519678.67266728386,49,6.0,51.5,-116.25,2258,51.5,-116.25,6,51.5,-116.25,482862192.65593123,6,519678.67266728386,1.0,0.0010762463505557302,1.0,0.001219127870944055
57,71029022,99,51.4227884118907,-116.18025644424397,139727.368,1542.3192467322717,99,51.4227884118907,51.4227884118907,32,139727.36773177824,32,6.0,51.5,-116.25,2258,51.5,-116.25,6,51.5,-116.25,482862192.65593123,6,139727.36773177824,1.0,0.00028937317904974703,1.0,0.000327790108185796
8,71028597,100,51.17273743993668,-115.61166165139227,6386550.315,1402.249187127386,100,51.17273743993668,51.17273743993668,6,6386550.3171545295,6,19.0,51.25,-115.5,2020,51.25,-115.5,19,51.25,-115.5,485478527.5715949,19,5162745.307372006,0.8083777706259772,0.010634343259621593,0.8083777706259772,0.06692490492978685
7,71028597,100,51.17273743993668,-115.61166165139227,6386550.315,1402.249187127386,100,51.17273743993668,51.17273743993668,6,6386550.3171545295,6,15.0,51.25,-115.75,2169,51.25,-115.75,15,51.25,-115.75,485478527.5715199,15,1223805.0097825243,0.19162222937402296,0.002520822117312357,0.19162222937402296,0.003051470193739747
13,71028609,101,51.164007410139924,-115.64380379490976,4409814.765,1419.5045562444948,101,51.164007410139924,51.164007410139924,9,4409814.766725584,9,15.0,51.25,-115.75,2169,51.25,-115.75,15,51.25,-115.75,485478527.5715199,15,4409814.766725584,1.0,0.009083439361951879,1.0,0.010995557472809971
16,71028676,102,51.193186877420004,-115.74437868707348,30935777.66,1422.0794577998156,102,51.193186877420004,51.193186877420004,12,30935777.668760113,12,15.0,51.25,-115.75,2169,51.25,-115.75,15,51.25,-115.75,485478527.5715199,15,30935777.668760113,1.0,0.0637222367454814,1.0,0.07713614727983209
20,71028700,103,51.23331320789638,-115.83037919151587,5919572.952,1439.8104171266095,103,51.23331320789638,51.23331320789638,15,5919572.954046076,15,15.0,51.25,-115.75,2169,51.25,-115.75,15,51.25,-115.75,485478527.5715199,15,5919572.954046076,1.0,0.012193274507231453,1.0,0.014760031446635026
25,71028740,104,51.25697471903276,-115.88530285143453,12086610.34,1443.0692795596449,104,51.25697471903276,51.25697471903276,18,12086610.345846495,18,11.0,51.25,-116.0,2088,51.25,-116.0,11,51.25,-116.0,485478527.5715949,11,7002894.3066837,0.5793927417450179,0.014424725109291188,0.5793927417450175,0.018386871174586886
26,71028740,104,51.25697471903276,-115.88530285143453,12086610.34,1443.0692795596449,104,51.25697471903276,51.25697471903276,18,12086610.345846495,18,15.0,51.25,-115.75,2169,51.25,-115.75,15,51.25,-115.75,485478527.5715199,15,5083716.039162804,0.42060725825498285,0.010471556928774526,0.4206072582549826,0.012675882058775586
32,71028852,105,51.29652417796078,-115.99221099534097,19216483.74,1464.18726551272,105,51.29652417796078,51.29652417796078,21,19216483.74848992,21,11.0,51.25,-116.0,2088,51.25,-116.0,11,51.25,-116.0,485478527.5715949,11,19216483.74848992,1.0,0.039582561652340045,1.0,0.050454996982433484
41,71028904,106,51.35559866042717,-116.08453422709971,2190451.174,1494.287981862811,106,51.35559866042717,51.35559866042717,24,2190451.174835366,24,11.0,51.25,-116.0,2088,51.25,-116.0,11,51.25,-116.0,485478527.5715949,11,2190451.174835366,1.0,0.004511942445306881,1.0,0.0057512710890810686
50,71028957,107,51.37492420316731,-116.10803025303686,59176.669,1499.0364102450285,107,51.37492420316731,51.37492420316731,27,59176.669245706194,27,11.0,51.25,-116.0,2088,51.25,-116.0,11,51.25,-116.0,485478527.5715949,11,29588.957565116893,0.5000105268220015,6.094802526720057e-05,0.5000105268220016,7.768907070621814e-05
51,71028957,107,51.37492420316731,-116.10803025303686,59176.669,1499.0364102450285,107,51.37492420316731,51.37492420316731,27,59176.669245706194,27,10.0,51.5,-116.0,2259,51.5,-116.0,10,51.5,-116.0,482862192.655894,10,29587.7116805893,0.49998947317799836,6.127568513460865e-05,0.4999894731779984,0.00012088702900351493
67,71029798,108,51.152983531528385,-115.67277682722201,2908138.914,1435.8498362714915,108,51.152983531528385,51.152983531528385,40,2908138.91528257,40,15.0,51.25,-115.75,2169,51.25,-115.75,15,51.25,-115.75,485478527.5715199,15,2908138.91528257,1.0,0.00599025240071848,1.0,0.007251236224973754
70,71029857,109,51.193891459932814,-115.55980443032819,9532270.335,1415.8900537939314,109,51.193891459932814,51.193891459932814,43,9532270.337769534,43,19.0,51.25,-115.5,2020,51.25,-115.5,19,51.25,-115.5,485478527.5715949,19,9532270.337769534,1.0,0.019634792882500418,1.0,0.12356725891732732
75,71029963,110,51.129999879267935,-115.6872499434643,108162.525,1487.8250122070312,110,51.129999879267935,51.129999879267935,46,108162.5251885117,46,15.0,51.25,-115.75,2169,51.25,-115.75,15,51.25,-115.75,485478527.5715199,15,108162.5251885117,1.0,0.00022279569341525073,1.0,0.0002696955144439393
86,71030100,111,51.21944437413115,-115.81818102995972,501991.313,1470.2656053112398,111,51.21944437413115,51.21944437413115,54,501991.31292852206,54,15.0,51.25,-115.75,2169,51.25,-115.75,15,51.25,-115.75,485478527.5715199,15,501991.31292852206,1.0,0.0010340134206132722,1.0,0.0012516794069913776
97,71030287,112,51.34737648573619,-116.0675000038875,145338.296,1492.0629973234954,112,51.34737648573619,51.34737648573619,59,145338.29592315416,59,11.0,51.25,-116.0,2088,51.25,-116.0,11,51.25,-116.0,485478527.5715949,11,145338.29592315416,1.0,0.0002993712134914571,1.0,0.0003816017216370824
113,71030690,113,51.131228008242694,-115.69399126104119,102751.695,1484.7316059313323,113,51.131228008242694,51.131228008242694,70,102751.69540122215,70,15.0,51.25,-115.75,2169,51.25,-115.75,15,51.25,-115.75,485478527.5715199,15,102751.69540122215,1.0,0.0002116503399547057,1.0,0.00025620399766852807
122,71030774,114,51.15867757044283,-115.62434037387196,1502535.177,1442.9007405891693,114,51.15867757044283,51.15867757044283,73,1502535.1778449959,73,15.0,51.25,-115.75,2169,51.25,-115.75,15,51.25,-115.75,485478527.5715199,15,740442.5926133315,0.49279551223240436,0.0015251809308996693,0.49279551223240475,0.0018462406048954446
123,71030774,114,51.15867757044283,-115.62434037387196,1502535.177,1442.9007405891693,114,51.15867757044283,51.15867757044283,73,1502535.1778449959,73,19.0,51.25,-115.5,2020,51.25,-115.5,19,51.25,-115.5,485478527.5715949,19,762092.5852316632,0.5072044877675949,0.0015697760909091395,0.5072044877675953,0.009879041242165518
146,71031120,115,51.25903031764524,-115.94162994622825,1089418.738,1467.2970581054688,115,51.25903031764524,51.25903031764524,84,1089418.7380251908,84,11.0,51.25,-116.0,2088,51.25,-116.0,11,51.25,-116.0,485478527.5715949,11,1089418.7380251908,1.0,0.002244010138768766,1.0,0.00286038902116975
155,71031359,116,51.372083330562646,-116.10333333333283,0.0,1502.0999755859375,116,51.372083330562646,51.372083330562646,89,3.2199779879671375e-06,89,11.0,51.25,-116.0,2088,51.25,-116.0,11,51.25,-116.0,485478527.5715949,11,3.2199779879671375e-06,1.0,6.632585799569227e-15,1.0,8.454407257475031e-15
166,71031506,117,51.246739394997824,-115.84571755655234,1046550.209,1440.976313954776,117,51.246739394997824,51.246739394997824,94,1046550.2096413798,94,15.0,51.25,-115.75,2169,51.25,-115.75,15,51.25,-115.75,485478527.5715199,15,1046550.2096413798,1.0,0.002155708543643475,1.0,0.002609498037224293
2,71028585,118,51.17234685016804,-115.57220886924314,4117252.192,1409.597142016794,118,51.17234685016804,51.17234685016804,3,4117252.192840009,3,19.0,51.25,-115.5,2020,51.25,-115.5,19,51.25,-115.5,485478527.5715949,19,4117252.192840009,1.0,0.008480812145152653,1.0,0.05337212958855716
